ISO-10303-21;
HEADER;
/* Generated by software containing ST-Developer
 * from STEP Tools, Inc. (www.steptools.com) 
 */

FILE_DESCRIPTION(
/* description */ (''),
/* implementation_level */ '2;1');

FILE_NAME(
/* name */ 'omnisensor_enclosure.step',
/* time_stamp */ '2026-09-06T14:59:18+02:00',
/* author */ (''),
/* organization */ (''),
/* preprocessor_version */ 'ST-DEVELOPER v20.2',
/* originating_system */ 'Autodesk Translation Framework v15.15.0.0',
/* authorisation */ '');

FILE_SCHEMA (('AUTOMOTIVE_DESIGN { 1 0 10303 214 3 1 1 }'));
ENDSEC;

DATA;
#10=MECHANICAL_DESIGN_GEOMETRIC_PRESENTATION_REPRESENTATION('',(#21,#22),
#4263);
#11=SHAPE_REPRESENTATION_RELATIONSHIP('SRR','None',#4270,#12);
#12=ADVANCED_BREP_SHAPE_REPRESENTATION('',(#23,#24),#4262);
#13=TOROIDAL_SURFACE('',#2726,2.5,1.5);
#14=TOROIDAL_SURFACE('',#2731,2.5,1.5);
#15=TOROIDAL_SURFACE('',#2736,2.50000000000002,1.5);
#16=TOROIDAL_SURFACE('',#2741,2.50000000000002,1.5);
#17=ELLIPSE('',#2706,0.707106781186546,0.5);
#18=ELLIPSE('',#2707,0.707106781186549,0.5);
#19=ELLIPSE('',#2709,0.707106781186548,0.5);
#20=ELLIPSE('',#2711,0.707106781186548,0.5);
#21=STYLED_ITEM('',(#4279),#23);
#22=STYLED_ITEM('',(#4279),#24);
#23=MANIFOLD_SOLID_BREP('Rear_Shell_Body',#2598);
#24=MANIFOLD_SOLID_BREP('Front_Shell_Body',#2599);
#25=FACE_BOUND('',#348,.T.);
#26=FACE_BOUND('',#355,.T.);
#27=FACE_BOUND('',#358,.T.);
#28=FACE_BOUND('',#359,.T.);
#29=FACE_BOUND('',#360,.T.);
#30=FACE_BOUND('',#365,.T.);
#31=FACE_BOUND('',#366,.T.);
#32=FACE_BOUND('',#367,.T.);
#33=FACE_BOUND('',#371,.T.);
#34=FACE_BOUND('',#374,.T.);
#35=FACE_BOUND('',#375,.T.);
#36=FACE_BOUND('',#376,.T.);
#37=FACE_BOUND('',#381,.T.);
#38=FACE_BOUND('',#382,.T.);
#39=FACE_BOUND('',#383,.T.);
#40=FACE_BOUND('',#386,.T.);
#41=FACE_BOUND('',#394,.T.);
#42=FACE_BOUND('',#395,.T.);
#43=FACE_BOUND('',#396,.T.);
#44=FACE_BOUND('',#397,.T.);
#45=FACE_BOUND('',#398,.T.);
#46=FACE_BOUND('',#399,.T.);
#47=FACE_BOUND('',#400,.T.);
#48=FACE_BOUND('',#401,.T.);
#49=FACE_BOUND('',#402,.T.);
#50=FACE_BOUND('',#403,.T.);
#51=FACE_BOUND('',#454,.T.);
#52=FACE_BOUND('',#464,.T.);
#53=FACE_BOUND('',#465,.T.);
#54=FACE_BOUND('',#466,.T.);
#55=FACE_BOUND('',#467,.T.);
#56=FACE_BOUND('',#468,.T.);
#57=FACE_BOUND('',#469,.T.);
#58=FACE_BOUND('',#470,.T.);
#59=FACE_BOUND('',#471,.T.);
#60=FACE_BOUND('',#472,.T.);
#61=FACE_BOUND('',#473,.T.);
#62=FACE_BOUND('',#475,.T.);
#63=CYLINDRICAL_SURFACE('',#2657,2.80000000000001);
#64=CYLINDRICAL_SURFACE('',#2660,2.80000000000005);
#65=CYLINDRICAL_SURFACE('',#2668,2.8);
#66=CYLINDRICAL_SURFACE('',#2671,2.8);
#67=CYLINDRICAL_SURFACE('',#2680,1.6);
#68=CYLINDRICAL_SURFACE('',#2682,1.6);
#69=CYLINDRICAL_SURFACE('',#2684,1.60000000000002);
#70=CYLINDRICAL_SURFACE('',#2686,1.60000000000002);
#71=CYLINDRICAL_SURFACE('',#2693,4.);
#72=CYLINDRICAL_SURFACE('',#2696,4.);
#73=CYLINDRICAL_SURFACE('',#2699,4.00000000000002);
#74=CYLINDRICAL_SURFACE('',#2702,4.00000000000002);
#75=CYLINDRICAL_SURFACE('',#2705,0.5);
#76=CYLINDRICAL_SURFACE('',#2708,0.5);
#77=CYLINDRICAL_SURFACE('',#2710,0.5);
#78=CYLINDRICAL_SURFACE('',#2712,0.5);
#79=CYLINDRICAL_SURFACE('',#2723,1.5);
#80=CYLINDRICAL_SURFACE('',#2729,1.5);
#81=CYLINDRICAL_SURFACE('',#2734,1.5);
#82=CYLINDRICAL_SURFACE('',#2739,1.5);
#83=CYLINDRICAL_SURFACE('',#2743,4.);
#84=CYLINDRICAL_SURFACE('',#2746,4.);
#85=CYLINDRICAL_SURFACE('',#2773,1.25);
#86=CYLINDRICAL_SURFACE('',#2777,2.);
#87=CYLINDRICAL_SURFACE('',#2779,5.);
#88=CYLINDRICAL_SURFACE('',#2782,3.05000000000003);
#89=CYLINDRICAL_SURFACE('',#2786,3.05);
#90=CYLINDRICAL_SURFACE('',#2790,3.05);
#91=CYLINDRICAL_SURFACE('',#2794,3.05000000000001);
#92=CYLINDRICAL_SURFACE('',#2803,1.6);
#93=CYLINDRICAL_SURFACE('',#2806,1.6);
#94=CYLINDRICAL_SURFACE('',#2809,1.60000000000002);
#95=CYLINDRICAL_SURFACE('',#2812,1.60000000000002);
#96=CYLINDRICAL_SURFACE('',#2819,4.00000000000002);
#97=CYLINDRICAL_SURFACE('',#2821,4.00000000000002);
#98=CIRCLE('',#2643,2.50000000000005);
#99=CIRCLE('',#2644,2.80000000000005);
#100=CIRCLE('',#2647,2.50000000000001);
#101=CIRCLE('',#2648,2.80000000000001);
#102=CIRCLE('',#2651,2.5);
#103=CIRCLE('',#2652,2.8);
#104=CIRCLE('',#2655,2.5);
#105=CIRCLE('',#2656,2.8);
#106=CIRCLE('',#2658,2.80000000000001);
#107=CIRCLE('',#2661,2.80000000000005);
#108=CIRCLE('',#2664,1.60000000000004);
#109=CIRCLE('',#2665,1.6);
#110=CIRCLE('',#2666,1.6);
#111=CIRCLE('',#2667,1.60000000000001);
#112=CIRCLE('',#2669,2.8);
#113=CIRCLE('',#2672,2.8);
#114=CIRCLE('',#2675,1.60000000000002);
#115=CIRCLE('',#2676,1.60000000000002);
#116=CIRCLE('',#2677,1.6);
#117=CIRCLE('',#2678,1.6);
#118=CIRCLE('',#2688,4.00000000000002);
#119=CIRCLE('',#2689,4.);
#120=CIRCLE('',#2690,4.);
#121=CIRCLE('',#2691,4.00000000000002);
#122=CIRCLE('',#2694,4.);
#123=CIRCLE('',#2697,4.);
#124=CIRCLE('',#2700,4.00000000000002);
#125=CIRCLE('',#2703,4.00000000000002);
#126=CIRCLE('',#2716,2.5);
#127=CIRCLE('',#2717,2.5);
#128=CIRCLE('',#2718,2.50000000000002);
#129=CIRCLE('',#2719,2.50000000000002);
#130=CIRCLE('',#2720,5.);
#131=CIRCLE('',#2721,2.);
#132=CIRCLE('',#2722,1.25);
#133=CIRCLE('',#2724,1.5);
#134=CIRCLE('',#2725,1.5);
#135=CIRCLE('',#2727,1.5);
#136=CIRCLE('',#2728,4.);
#137=CIRCLE('',#2730,1.5);
#138=CIRCLE('',#2732,1.5);
#139=CIRCLE('',#2733,4.);
#140=CIRCLE('',#2735,1.5);
#141=CIRCLE('',#2737,1.5);
#142=CIRCLE('',#2738,4.00000000000002);
#143=CIRCLE('',#2740,1.5);
#144=CIRCLE('',#2742,4.00000000000002);
#145=CIRCLE('',#2744,4.);
#146=CIRCLE('',#2747,4.);
#147=CIRCLE('',#2774,1.25);
#148=CIRCLE('',#2778,2.);
#149=CIRCLE('',#2780,5.);
#150=CIRCLE('',#2783,3.05000000000003);
#151=CIRCLE('',#2784,3.05000000000003);
#152=CIRCLE('',#2787,3.05);
#153=CIRCLE('',#2788,3.05);
#154=CIRCLE('',#2791,3.05);
#155=CIRCLE('',#2792,3.05);
#156=CIRCLE('',#2795,3.05000000000001);
#157=CIRCLE('',#2796,3.05000000000001);
#158=CIRCLE('',#2798,1.6);
#159=CIRCLE('',#2799,1.6);
#160=CIRCLE('',#2800,1.60000000000002);
#161=CIRCLE('',#2801,1.60000000000002);
#162=CIRCLE('',#2804,1.6);
#163=CIRCLE('',#2807,1.6);
#164=CIRCLE('',#2810,1.60000000000002);
#165=CIRCLE('',#2813,1.60000000000002);
#166=CIRCLE('',#2816,4.00000000000002);
#167=CIRCLE('',#2817,4.00000000000002);
#168=CONICAL_SURFACE('',#2642,2.65000000000005,0.785398163397444);
#169=CONICAL_SURFACE('',#2646,2.65000000000001,0.785398163397453);
#170=CONICAL_SURFACE('',#2650,2.65,0.785398163397448);
#171=CONICAL_SURFACE('',#2654,2.65,0.785398163397454);
#172=FACE_OUTER_BOUND('',#307,.T.);
#173=FACE_OUTER_BOUND('',#308,.T.);
#174=FACE_OUTER_BOUND('',#309,.T.);
#175=FACE_OUTER_BOUND('',#310,.T.);
#176=FACE_OUTER_BOUND('',#311,.T.);
#177=FACE_OUTER_BOUND('',#312,.T.);
#178=FACE_OUTER_BOUND('',#313,.T.);
#179=FACE_OUTER_BOUND('',#314,.T.);
#180=FACE_OUTER_BOUND('',#315,.T.);
#181=FACE_OUTER_BOUND('',#316,.T.);
#182=FACE_OUTER_BOUND('',#317,.T.);
#183=FACE_OUTER_BOUND('',#318,.T.);
#184=FACE_OUTER_BOUND('',#319,.T.);
#185=FACE_OUTER_BOUND('',#320,.T.);
#186=FACE_OUTER_BOUND('',#321,.T.);
#187=FACE_OUTER_BOUND('',#322,.T.);
#188=FACE_OUTER_BOUND('',#323,.T.);
#189=FACE_OUTER_BOUND('',#324,.T.);
#190=FACE_OUTER_BOUND('',#325,.T.);
#191=FACE_OUTER_BOUND('',#326,.T.);
#192=FACE_OUTER_BOUND('',#327,.T.);
#193=FACE_OUTER_BOUND('',#328,.T.);
#194=FACE_OUTER_BOUND('',#329,.T.);
#195=FACE_OUTER_BOUND('',#330,.T.);
#196=FACE_OUTER_BOUND('',#331,.T.);
#197=FACE_OUTER_BOUND('',#332,.T.);
#198=FACE_OUTER_BOUND('',#333,.T.);
#199=FACE_OUTER_BOUND('',#334,.T.);
#200=FACE_OUTER_BOUND('',#335,.T.);
#201=FACE_OUTER_BOUND('',#336,.T.);
#202=FACE_OUTER_BOUND('',#337,.T.);
#203=FACE_OUTER_BOUND('',#338,.T.);
#204=FACE_OUTER_BOUND('',#339,.T.);
#205=FACE_OUTER_BOUND('',#340,.T.);
#206=FACE_OUTER_BOUND('',#341,.T.);
#207=FACE_OUTER_BOUND('',#342,.T.);
#208=FACE_OUTER_BOUND('',#343,.T.);
#209=FACE_OUTER_BOUND('',#344,.T.);
#210=FACE_OUTER_BOUND('',#345,.T.);
#211=FACE_OUTER_BOUND('',#346,.T.);
#212=FACE_OUTER_BOUND('',#347,.T.);
#213=FACE_OUTER_BOUND('',#349,.T.);
#214=FACE_OUTER_BOUND('',#350,.T.);
#215=FACE_OUTER_BOUND('',#351,.T.);
#216=FACE_OUTER_BOUND('',#352,.T.);
#217=FACE_OUTER_BOUND('',#353,.T.);
#218=FACE_OUTER_BOUND('',#354,.T.);
#219=FACE_OUTER_BOUND('',#356,.T.);
#220=FACE_OUTER_BOUND('',#357,.T.);
#221=FACE_OUTER_BOUND('',#361,.T.);
#222=FACE_OUTER_BOUND('',#362,.T.);
#223=FACE_OUTER_BOUND('',#363,.T.);
#224=FACE_OUTER_BOUND('',#364,.T.);
#225=FACE_OUTER_BOUND('',#368,.T.);
#226=FACE_OUTER_BOUND('',#369,.T.);
#227=FACE_OUTER_BOUND('',#370,.T.);
#228=FACE_OUTER_BOUND('',#372,.T.);
#229=FACE_OUTER_BOUND('',#373,.T.);
#230=FACE_OUTER_BOUND('',#377,.T.);
#231=FACE_OUTER_BOUND('',#378,.T.);
#232=FACE_OUTER_BOUND('',#379,.T.);
#233=FACE_OUTER_BOUND('',#380,.T.);
#234=FACE_OUTER_BOUND('',#384,.T.);
#235=FACE_OUTER_BOUND('',#385,.T.);
#236=FACE_OUTER_BOUND('',#387,.T.);
#237=FACE_OUTER_BOUND('',#388,.T.);
#238=FACE_OUTER_BOUND('',#389,.T.);
#239=FACE_OUTER_BOUND('',#390,.T.);
#240=FACE_OUTER_BOUND('',#391,.T.);
#241=FACE_OUTER_BOUND('',#392,.T.);
#242=FACE_OUTER_BOUND('',#393,.T.);
#243=FACE_OUTER_BOUND('',#404,.T.);
#244=FACE_OUTER_BOUND('',#405,.T.);
#245=FACE_OUTER_BOUND('',#406,.T.);
#246=FACE_OUTER_BOUND('',#407,.T.);
#247=FACE_OUTER_BOUND('',#408,.T.);
#248=FACE_OUTER_BOUND('',#409,.T.);
#249=FACE_OUTER_BOUND('',#410,.T.);
#250=FACE_OUTER_BOUND('',#411,.T.);
#251=FACE_OUTER_BOUND('',#412,.T.);
#252=FACE_OUTER_BOUND('',#413,.T.);
#253=FACE_OUTER_BOUND('',#414,.T.);
#254=FACE_OUTER_BOUND('',#415,.T.);
#255=FACE_OUTER_BOUND('',#416,.T.);
#256=FACE_OUTER_BOUND('',#417,.T.);
#257=FACE_OUTER_BOUND('',#418,.T.);
#258=FACE_OUTER_BOUND('',#419,.T.);
#259=FACE_OUTER_BOUND('',#420,.T.);
#260=FACE_OUTER_BOUND('',#421,.T.);
#261=FACE_OUTER_BOUND('',#422,.T.);
#262=FACE_OUTER_BOUND('',#423,.T.);
#263=FACE_OUTER_BOUND('',#424,.T.);
#264=FACE_OUTER_BOUND('',#425,.T.);
#265=FACE_OUTER_BOUND('',#426,.T.);
#266=FACE_OUTER_BOUND('',#427,.T.);
#267=FACE_OUTER_BOUND('',#428,.T.);
#268=FACE_OUTER_BOUND('',#429,.T.);
#269=FACE_OUTER_BOUND('',#430,.T.);
#270=FACE_OUTER_BOUND('',#431,.T.);
#271=FACE_OUTER_BOUND('',#432,.T.);
#272=FACE_OUTER_BOUND('',#433,.T.);
#273=FACE_OUTER_BOUND('',#434,.T.);
#274=FACE_OUTER_BOUND('',#435,.T.);
#275=FACE_OUTER_BOUND('',#436,.T.);
#276=FACE_OUTER_BOUND('',#437,.T.);
#277=FACE_OUTER_BOUND('',#438,.T.);
#278=FACE_OUTER_BOUND('',#439,.T.);
#279=FACE_OUTER_BOUND('',#440,.T.);
#280=FACE_OUTER_BOUND('',#441,.T.);
#281=FACE_OUTER_BOUND('',#442,.T.);
#282=FACE_OUTER_BOUND('',#443,.T.);
#283=FACE_OUTER_BOUND('',#444,.T.);
#284=FACE_OUTER_BOUND('',#445,.T.);
#285=FACE_OUTER_BOUND('',#446,.T.);
#286=FACE_OUTER_BOUND('',#447,.T.);
#287=FACE_OUTER_BOUND('',#448,.T.);
#288=FACE_OUTER_BOUND('',#449,.T.);
#289=FACE_OUTER_BOUND('',#450,.T.);
#290=FACE_OUTER_BOUND('',#451,.T.);
#291=FACE_OUTER_BOUND('',#452,.T.);
#292=FACE_OUTER_BOUND('',#453,.T.);
#293=FACE_OUTER_BOUND('',#455,.T.);
#294=FACE_OUTER_BOUND('',#456,.T.);
#295=FACE_OUTER_BOUND('',#457,.T.);
#296=FACE_OUTER_BOUND('',#458,.T.);
#297=FACE_OUTER_BOUND('',#459,.T.);
#298=FACE_OUTER_BOUND('',#460,.T.);
#299=FACE_OUTER_BOUND('',#461,.T.);
#300=FACE_OUTER_BOUND('',#462,.T.);
#301=FACE_OUTER_BOUND('',#463,.T.);
#302=FACE_OUTER_BOUND('',#474,.T.);
#303=FACE_OUTER_BOUND('',#476,.T.);
#304=FACE_OUTER_BOUND('',#477,.T.);
#305=FACE_OUTER_BOUND('',#478,.T.);
#306=FACE_OUTER_BOUND('',#479,.T.);
#307=EDGE_LOOP('',(#1649,#1650,#1651,#1652));
#308=EDGE_LOOP('',(#1653,#1654,#1655,#1656));
#309=EDGE_LOOP('',(#1657,#1658,#1659,#1660));
#310=EDGE_LOOP('',(#1661,#1662,#1663,#1664));
#311=EDGE_LOOP('',(#1665,#1666,#1667,#1668));
#312=EDGE_LOOP('',(#1669,#1670,#1671,#1672));
#313=EDGE_LOOP('',(#1673,#1674,#1675,#1676));
#314=EDGE_LOOP('',(#1677,#1678,#1679,#1680));
#315=EDGE_LOOP('',(#1681,#1682,#1683,#1684));
#316=EDGE_LOOP('',(#1685,#1686,#1687,#1688));
#317=EDGE_LOOP('',(#1689,#1690,#1691,#1692));
#318=EDGE_LOOP('',(#1693,#1694,#1695,#1696));
#319=EDGE_LOOP('',(#1697,#1698,#1699,#1700));
#320=EDGE_LOOP('',(#1701,#1702,#1703,#1704));
#321=EDGE_LOOP('',(#1705,#1706,#1707,#1708));
#322=EDGE_LOOP('',(#1709,#1710,#1711,#1712));
#323=EDGE_LOOP('',(#1713,#1714,#1715,#1716));
#324=EDGE_LOOP('',(#1717,#1718,#1719,#1720));
#325=EDGE_LOOP('',(#1721,#1722,#1723,#1724));
#326=EDGE_LOOP('',(#1725,#1726,#1727,#1728));
#327=EDGE_LOOP('',(#1729,#1730,#1731,#1732));
#328=EDGE_LOOP('',(#1733,#1734,#1735,#1736));
#329=EDGE_LOOP('',(#1737,#1738,#1739,#1740));
#330=EDGE_LOOP('',(#1741,#1742,#1743,#1744));
#331=EDGE_LOOP('',(#1745,#1746,#1747,#1748));
#332=EDGE_LOOP('',(#1749,#1750,#1751,#1752));
#333=EDGE_LOOP('',(#1753,#1754,#1755,#1756));
#334=EDGE_LOOP('',(#1757,#1758,#1759,#1760));
#335=EDGE_LOOP('',(#1761,#1762,#1763,#1764));
#336=EDGE_LOOP('',(#1765,#1766,#1767,#1768));
#337=EDGE_LOOP('',(#1769,#1770,#1771,#1772));
#338=EDGE_LOOP('',(#1773,#1774,#1775,#1776));
#339=EDGE_LOOP('',(#1777,#1778,#1779,#1780));
#340=EDGE_LOOP('',(#1781,#1782,#1783,#1784));
#341=EDGE_LOOP('',(#1785,#1786,#1787,#1788));
#342=EDGE_LOOP('',(#1789,#1790,#1791,#1792));
#343=EDGE_LOOP('',(#1793,#1794,#1795,#1796));
#344=EDGE_LOOP('',(#1797,#1798,#1799,#1800));
#345=EDGE_LOOP('',(#1801,#1802,#1803,#1804));
#346=EDGE_LOOP('',(#1805,#1806,#1807,#1808));
#347=EDGE_LOOP('',(#1809,#1810,#1811,#1812,#1813,#1814,#1815,#1816));
#348=EDGE_LOOP('',(#1817,#1818,#1819,#1820,#1821,#1822,#1823,#1824));
#349=EDGE_LOOP('',(#1825,#1826,#1827,#1828));
#350=EDGE_LOOP('',(#1829,#1830,#1831,#1832));
#351=EDGE_LOOP('',(#1833,#1834,#1835,#1836));
#352=EDGE_LOOP('',(#1837,#1838,#1839,#1840));
#353=EDGE_LOOP('',(#1841,#1842,#1843,#1844,#1845,#1846,#1847,#1848));
#354=EDGE_LOOP('',(#1849,#1850,#1851,#1852));
#355=EDGE_LOOP('',(#1853,#1854,#1855,#1856));
#356=EDGE_LOOP('',(#1857,#1858,#1859,#1860));
#357=EDGE_LOOP('',(#1861,#1862,#1863,#1864));
#358=EDGE_LOOP('',(#1865,#1866,#1867,#1868));
#359=EDGE_LOOP('',(#1869,#1870,#1871,#1872));
#360=EDGE_LOOP('',(#1873,#1874,#1875,#1876));
#361=EDGE_LOOP('',(#1877,#1878,#1879,#1880));
#362=EDGE_LOOP('',(#1881,#1882,#1883,#1884));
#363=EDGE_LOOP('',(#1885,#1886,#1887,#1888));
#364=EDGE_LOOP('',(#1889,#1890,#1891,#1892));
#365=EDGE_LOOP('',(#1893,#1894,#1895,#1896));
#366=EDGE_LOOP('',(#1897,#1898,#1899,#1900));
#367=EDGE_LOOP('',(#1901,#1902,#1903,#1904));
#368=EDGE_LOOP('',(#1905,#1906,#1907,#1908));
#369=EDGE_LOOP('',(#1909,#1910,#1911,#1912,#1913,#1914,#1915,#1916));
#370=EDGE_LOOP('',(#1917,#1918,#1919,#1920));
#371=EDGE_LOOP('',(#1921,#1922,#1923,#1924));
#372=EDGE_LOOP('',(#1925,#1926,#1927,#1928));
#373=EDGE_LOOP('',(#1929,#1930,#1931,#1932));
#374=EDGE_LOOP('',(#1933,#1934,#1935,#1936));
#375=EDGE_LOOP('',(#1937,#1938,#1939,#1940));
#376=EDGE_LOOP('',(#1941,#1942,#1943,#1944));
#377=EDGE_LOOP('',(#1945,#1946,#1947,#1948));
#378=EDGE_LOOP('',(#1949,#1950,#1951,#1952));
#379=EDGE_LOOP('',(#1953,#1954,#1955,#1956));
#380=EDGE_LOOP('',(#1957,#1958,#1959,#1960));
#381=EDGE_LOOP('',(#1961,#1962,#1963,#1964));
#382=EDGE_LOOP('',(#1965,#1966,#1967,#1968));
#383=EDGE_LOOP('',(#1969,#1970,#1971,#1972));
#384=EDGE_LOOP('',(#1973,#1974,#1975,#1976));
#385=EDGE_LOOP('',(#1977,#1978,#1979,#1980,#1981,#1982,#1983,#1984));
#386=EDGE_LOOP('',(#1985,#1986,#1987,#1988,#1989,#1990,#1991,#1992));
#387=EDGE_LOOP('',(#1993,#1994,#1995,#1996));
#388=EDGE_LOOP('',(#1997,#1998,#1999,#2000));
#389=EDGE_LOOP('',(#2001,#2002,#2003,#2004));
#390=EDGE_LOOP('',(#2005,#2006,#2007,#2008));
#391=EDGE_LOOP('',(#2009,#2010,#2011,#2012));
#392=EDGE_LOOP('',(#2013,#2014,#2015,#2016));
#393=EDGE_LOOP('',(#2017,#2018,#2019,#2020,#2021,#2022,#2023,#2024));
#394=EDGE_LOOP('',(#2025));
#395=EDGE_LOOP('',(#2026));
#396=EDGE_LOOP('',(#2027));
#397=EDGE_LOOP('',(#2028,#2029,#2030,#2031));
#398=EDGE_LOOP('',(#2032,#2033,#2034,#2035));
#399=EDGE_LOOP('',(#2036,#2037,#2038,#2039));
#400=EDGE_LOOP('',(#2040,#2041,#2042,#2043));
#401=EDGE_LOOP('',(#2044,#2045,#2046,#2047));
#402=EDGE_LOOP('',(#2048,#2049,#2050,#2051));
#403=EDGE_LOOP('',(#2052,#2053,#2054,#2055));
#404=EDGE_LOOP('',(#2056,#2057,#2058,#2059));
#405=EDGE_LOOP('',(#2060,#2061,#2062,#2063));
#406=EDGE_LOOP('',(#2064,#2065,#2066,#2067));
#407=EDGE_LOOP('',(#2068,#2069,#2070,#2071));
#408=EDGE_LOOP('',(#2072,#2073,#2074,#2075));
#409=EDGE_LOOP('',(#2076,#2077,#2078,#2079));
#410=EDGE_LOOP('',(#2080,#2081,#2082,#2083));
#411=EDGE_LOOP('',(#2084,#2085,#2086,#2087));
#412=EDGE_LOOP('',(#2088,#2089,#2090,#2091));
#413=EDGE_LOOP('',(#2092,#2093,#2094,#2095));
#414=EDGE_LOOP('',(#2096,#2097,#2098,#2099));
#415=EDGE_LOOP('',(#2100,#2101,#2102,#2103));
#416=EDGE_LOOP('',(#2104,#2105,#2106,#2107));
#417=EDGE_LOOP('',(#2108,#2109,#2110,#2111));
#418=EDGE_LOOP('',(#2112,#2113,#2114,#2115));
#419=EDGE_LOOP('',(#2116,#2117,#2118,#2119));
#420=EDGE_LOOP('',(#2120,#2121,#2122,#2123));
#421=EDGE_LOOP('',(#2124,#2125,#2126,#2127));
#422=EDGE_LOOP('',(#2128,#2129,#2130,#2131));
#423=EDGE_LOOP('',(#2132,#2133,#2134,#2135));
#424=EDGE_LOOP('',(#2136,#2137,#2138,#2139));
#425=EDGE_LOOP('',(#2140,#2141,#2142,#2143));
#426=EDGE_LOOP('',(#2144,#2145,#2146,#2147));
#427=EDGE_LOOP('',(#2148,#2149,#2150,#2151));
#428=EDGE_LOOP('',(#2152,#2153,#2154,#2155));
#429=EDGE_LOOP('',(#2156,#2157,#2158,#2159));
#430=EDGE_LOOP('',(#2160,#2161,#2162,#2163));
#431=EDGE_LOOP('',(#2164,#2165,#2166,#2167));
#432=EDGE_LOOP('',(#2168,#2169,#2170,#2171));
#433=EDGE_LOOP('',(#2172,#2173,#2174,#2175));
#434=EDGE_LOOP('',(#2176,#2177,#2178,#2179));
#435=EDGE_LOOP('',(#2180,#2181,#2182,#2183));
#436=EDGE_LOOP('',(#2184,#2185,#2186,#2187));
#437=EDGE_LOOP('',(#2188,#2189,#2190,#2191));
#438=EDGE_LOOP('',(#2192,#2193,#2194,#2195));
#439=EDGE_LOOP('',(#2196,#2197,#2198,#2199));
#440=EDGE_LOOP('',(#2200,#2201,#2202,#2203));
#441=EDGE_LOOP('',(#2204,#2205,#2206,#2207));
#442=EDGE_LOOP('',(#2208,#2209,#2210,#2211));
#443=EDGE_LOOP('',(#2212,#2213,#2214,#2215));
#444=EDGE_LOOP('',(#2216,#2217,#2218,#2219));
#445=EDGE_LOOP('',(#2220,#2221,#2222,#2223));
#446=EDGE_LOOP('',(#2224,#2225,#2226,#2227));
#447=EDGE_LOOP('',(#2228,#2229,#2230,#2231));
#448=EDGE_LOOP('',(#2232,#2233,#2234,#2235));
#449=EDGE_LOOP('',(#2236,#2237,#2238,#2239));
#450=EDGE_LOOP('',(#2240,#2241,#2242,#2243));
#451=EDGE_LOOP('',(#2244,#2245,#2246,#2247));
#452=EDGE_LOOP('',(#2248,#2249,#2250,#2251));
#453=EDGE_LOOP('',(#2252,#2253,#2254,#2255,#2256,#2257,#2258,#2259));
#454=EDGE_LOOP('',(#2260,#2261,#2262,#2263,#2264,#2265,#2266,#2267));
#455=EDGE_LOOP('',(#2268,#2269,#2270,#2271));
#456=EDGE_LOOP('',(#2272,#2273,#2274,#2275));
#457=EDGE_LOOP('',(#2276,#2277,#2278,#2279));
#458=EDGE_LOOP('',(#2280,#2281,#2282,#2283));
#459=EDGE_LOOP('',(#2284,#2285,#2286,#2287));
#460=EDGE_LOOP('',(#2288,#2289,#2290,#2291));
#461=EDGE_LOOP('',(#2292,#2293,#2294,#2295));
#462=EDGE_LOOP('',(#2296,#2297,#2298,#2299));
#463=EDGE_LOOP('',(#2300,#2301,#2302,#2303,#2304,#2305,#2306,#2307));
#464=EDGE_LOOP('',(#2308));
#465=EDGE_LOOP('',(#2309));
#466=EDGE_LOOP('',(#2310,#2311,#2312,#2313));
#467=EDGE_LOOP('',(#2314));
#468=EDGE_LOOP('',(#2315,#2316,#2317,#2318));
#469=EDGE_LOOP('',(#2319,#2320,#2321,#2322));
#470=EDGE_LOOP('',(#2323,#2324,#2325,#2326));
#471=EDGE_LOOP('',(#2327,#2328,#2329,#2330));
#472=EDGE_LOOP('',(#2331,#2332,#2333,#2334));
#473=EDGE_LOOP('',(#2335,#2336,#2337,#2338));
#474=EDGE_LOOP('',(#2339,#2340,#2341,#2342,#2343,#2344,#2345,#2346));
#475=EDGE_LOOP('',(#2347,#2348,#2349,#2350,#2351,#2352,#2353,#2354));
#476=EDGE_LOOP('',(#2355,#2356,#2357,#2358));
#477=EDGE_LOOP('',(#2359,#2360,#2361,#2362));
#478=EDGE_LOOP('',(#2363,#2364,#2365,#2366));
#479=EDGE_LOOP('',(#2367,#2368,#2369,#2370));
#480=LINE('',#3533,#767);
#481=LINE('',#3535,#768);
#482=LINE('',#3537,#769);
#483=LINE('',#3538,#770);
#484=LINE('',#3541,#771);
#485=LINE('',#3543,#772);
#486=LINE('',#3544,#773);
#487=LINE('',#3547,#774);
#488=LINE('',#3549,#775);
#489=LINE('',#3550,#776);
#490=LINE('',#3552,#777);
#491=LINE('',#3553,#778);
#492=LINE('',#3557,#779);
#493=LINE('',#3559,#780);
#494=LINE('',#3561,#781);
#495=LINE('',#3562,#782);
#496=LINE('',#3565,#783);
#497=LINE('',#3567,#784);
#498=LINE('',#3568,#785);
#499=LINE('',#3571,#786);
#500=LINE('',#3573,#787);
#501=LINE('',#3574,#788);
#502=LINE('',#3576,#789);
#503=LINE('',#3577,#790);
#504=LINE('',#3581,#791);
#505=LINE('',#3583,#792);
#506=LINE('',#3585,#793);
#507=LINE('',#3586,#794);
#508=LINE('',#3589,#795);
#509=LINE('',#3591,#796);
#510=LINE('',#3592,#797);
#511=LINE('',#3595,#798);
#512=LINE('',#3597,#799);
#513=LINE('',#3598,#800);
#514=LINE('',#3600,#801);
#515=LINE('',#3601,#802);
#516=LINE('',#3605,#803);
#517=LINE('',#3607,#804);
#518=LINE('',#3609,#805);
#519=LINE('',#3610,#806);
#520=LINE('',#3613,#807);
#521=LINE('',#3615,#808);
#522=LINE('',#3616,#809);
#523=LINE('',#3619,#810);
#524=LINE('',#3621,#811);
#525=LINE('',#3622,#812);
#526=LINE('',#3624,#813);
#527=LINE('',#3625,#814);
#528=LINE('',#3629,#815);
#529=LINE('',#3631,#816);
#530=LINE('',#3633,#817);
#531=LINE('',#3634,#818);
#532=LINE('',#3637,#819);
#533=LINE('',#3639,#820);
#534=LINE('',#3640,#821);
#535=LINE('',#3643,#822);
#536=LINE('',#3645,#823);
#537=LINE('',#3646,#824);
#538=LINE('',#3648,#825);
#539=LINE('',#3649,#826);
#540=LINE('',#3653,#827);
#541=LINE('',#3655,#828);
#542=LINE('',#3657,#829);
#543=LINE('',#3658,#830);
#544=LINE('',#3661,#831);
#545=LINE('',#3663,#832);
#546=LINE('',#3664,#833);
#547=LINE('',#3667,#834);
#548=LINE('',#3669,#835);
#549=LINE('',#3670,#836);
#550=LINE('',#3672,#837);
#551=LINE('',#3673,#838);
#552=LINE('',#3677,#839);
#553=LINE('',#3679,#840);
#554=LINE('',#3681,#841);
#555=LINE('',#3682,#842);
#556=LINE('',#3685,#843);
#557=LINE('',#3687,#844);
#558=LINE('',#3688,#845);
#559=LINE('',#3691,#846);
#560=LINE('',#3693,#847);
#561=LINE('',#3694,#848);
#562=LINE('',#3696,#849);
#563=LINE('',#3697,#850);
#564=LINE('',#3701,#851);
#565=LINE('',#3703,#852);
#566=LINE('',#3705,#853);
#567=LINE('',#3706,#854);
#568=LINE('',#3710,#855);
#569=LINE('',#3716,#856);
#570=LINE('',#3717,#857);
#571=LINE('',#3718,#858);
#572=LINE('',#3722,#859);
#573=LINE('',#3728,#860);
#574=LINE('',#3729,#861);
#575=LINE('',#3730,#862);
#576=LINE('',#3734,#863);
#577=LINE('',#3740,#864);
#578=LINE('',#3741,#865);
#579=LINE('',#3742,#866);
#580=LINE('',#3748,#867);
#581=LINE('',#3751,#868);
#582=LINE('',#3754,#869);
#583=LINE('',#3755,#870);
#584=LINE('',#3758,#871);
#585=LINE('',#3762,#872);
#586=LINE('',#3763,#873);
#587=LINE('',#3769,#874);
#588=LINE('',#3773,#875);
#589=LINE('',#3777,#876);
#590=LINE('',#3780,#877);
#591=LINE('',#3783,#878);
#592=LINE('',#3787,#879);
#593=LINE('',#3788,#880);
#594=LINE('',#3791,#881);
#595=LINE('',#3794,#882);
#596=LINE('',#3800,#883);
#597=LINE('',#3804,#884);
#598=LINE('',#3808,#885);
#599=LINE('',#3811,#886);
#600=LINE('',#3813,#887);
#601=LINE('',#3814,#888);
#602=LINE('',#3816,#889);
#603=LINE('',#3818,#890);
#604=LINE('',#3820,#891);
#605=LINE('',#3822,#892);
#606=LINE('',#3824,#893);
#607=LINE('',#3826,#894);
#608=LINE('',#3833,#895);
#609=LINE('',#3837,#896);
#610=LINE('',#3841,#897);
#611=LINE('',#3844,#898);
#612=LINE('',#3848,#899);
#613=LINE('',#3849,#900);
#614=LINE('',#3850,#901);
#615=LINE('',#3854,#902);
#616=LINE('',#3857,#903);
#617=LINE('',#3858,#904);
#618=LINE('',#3862,#905);
#619=LINE('',#3865,#906);
#620=LINE('',#3866,#907);
#621=LINE('',#3870,#908);
#622=LINE('',#3873,#909);
#623=LINE('',#3874,#910);
#624=LINE('',#3881,#911);
#625=LINE('',#3885,#912);
#626=LINE('',#3889,#913);
#627=LINE('',#3892,#914);
#628=LINE('',#3895,#915);
#629=LINE('',#3898,#916);
#630=LINE('',#3900,#917);
#631=LINE('',#3901,#918);
#632=LINE('',#3904,#919);
#633=LINE('',#3906,#920);
#634=LINE('',#3907,#921);
#635=LINE('',#3910,#922);
#636=LINE('',#3911,#923);
#637=LINE('',#3915,#924);
#638=LINE('',#3919,#925);
#639=LINE('',#3923,#926);
#640=LINE('',#3927,#927);
#641=LINE('',#3937,#928);
#642=LINE('',#3939,#929);
#643=LINE('',#3941,#930);
#644=LINE('',#3942,#931);
#645=LINE('',#3945,#932);
#646=LINE('',#3947,#933);
#647=LINE('',#3949,#934);
#648=LINE('',#3950,#935);
#649=LINE('',#3953,#936);
#650=LINE('',#3955,#937);
#651=LINE('',#3957,#938);
#652=LINE('',#3958,#939);
#653=LINE('',#3961,#940);
#654=LINE('',#3963,#941);
#655=LINE('',#3965,#942);
#656=LINE('',#3966,#943);
#657=LINE('',#3969,#944);
#658=LINE('',#3971,#945);
#659=LINE('',#3973,#946);
#660=LINE('',#3974,#947);
#661=LINE('',#3977,#948);
#662=LINE('',#3979,#949);
#663=LINE('',#3981,#950);
#664=LINE('',#3982,#951);
#665=LINE('',#3987,#952);
#666=LINE('',#3996,#953);
#667=LINE('',#4004,#954);
#668=LINE('',#4012,#955);
#669=LINE('',#4017,#956);
#670=LINE('',#4020,#957);
#671=LINE('',#4023,#958);
#672=LINE('',#4024,#959);
#673=LINE('',#4027,#960);
#674=LINE('',#4031,#961);
#675=LINE('',#4032,#962);
#676=LINE('',#4036,#963);
#677=LINE('',#4037,#964);
#678=LINE('',#4038,#965);
#679=LINE('',#4041,#966);
#680=LINE('',#4042,#967);
#681=LINE('',#4045,#968);
#682=LINE('',#4046,#969);
#683=LINE('',#4048,#970);
#684=LINE('',#4052,#971);
#685=LINE('',#4053,#972);
#686=LINE('',#4054,#973);
#687=LINE('',#4057,#974);
#688=LINE('',#4058,#975);
#689=LINE('',#4061,#976);
#690=LINE('',#4062,#977);
#691=LINE('',#4064,#978);
#692=LINE('',#4068,#979);
#693=LINE('',#4069,#980);
#694=LINE('',#4070,#981);
#695=LINE('',#4073,#982);
#696=LINE('',#4074,#983);
#697=LINE('',#4077,#984);
#698=LINE('',#4078,#985);
#699=LINE('',#4080,#986);
#700=LINE('',#4084,#987);
#701=LINE('',#4085,#988);
#702=LINE('',#4086,#989);
#703=LINE('',#4089,#990);
#704=LINE('',#4090,#991);
#705=LINE('',#4093,#992);
#706=LINE('',#4094,#993);
#707=LINE('',#4096,#994);
#708=LINE('',#4100,#995);
#709=LINE('',#4101,#996);
#710=LINE('',#4102,#997);
#711=LINE('',#4105,#998);
#712=LINE('',#4106,#999);
#713=LINE('',#4109,#1000);
#714=LINE('',#4110,#1001);
#715=LINE('',#4112,#1002);
#716=LINE('',#4116,#1003);
#717=LINE('',#4117,#1004);
#718=LINE('',#4118,#1005);
#719=LINE('',#4121,#1006);
#720=LINE('',#4122,#1007);
#721=LINE('',#4125,#1008);
#722=LINE('',#4126,#1009);
#723=LINE('',#4128,#1010);
#724=LINE('',#4131,#1011);
#725=LINE('',#4135,#1012);
#726=LINE('',#4136,#1013);
#727=LINE('',#4138,#1014);
#728=LINE('',#4141,#1015);
#729=LINE('',#4145,#1016);
#730=LINE('',#4150,#1017);
#731=LINE('',#4152,#1018);
#732=LINE('',#4154,#1019);
#733=LINE('',#4155,#1020);
#734=LINE('',#4160,#1021);
#735=LINE('',#4164,#1022);
#736=LINE('',#4166,#1023);
#737=LINE('',#4167,#1024);
#738=LINE('',#4172,#1025);
#739=LINE('',#4176,#1026);
#740=LINE('',#4178,#1027);
#741=LINE('',#4179,#1028);
#742=LINE('',#4184,#1029);
#743=LINE('',#4188,#1030);
#744=LINE('',#4190,#1031);
#745=LINE('',#4191,#1032);
#746=LINE('',#4200,#1033);
#747=LINE('',#4204,#1034);
#748=LINE('',#4208,#1035);
#749=LINE('',#4211,#1036);
#750=LINE('',#4214,#1037);
#751=LINE('',#4216,#1038);
#752=LINE('',#4217,#1039);
#753=LINE('',#4220,#1040);
#754=LINE('',#4224,#1041);
#755=LINE('',#4225,#1042);
#756=LINE('',#4228,#1043);
#757=LINE('',#4232,#1044);
#758=LINE('',#4233,#1045);
#759=LINE('',#4236,#1046);
#760=LINE('',#4240,#1047);
#761=LINE('',#4241,#1048);
#762=LINE('',#4247,#1049);
#763=LINE('',#4251,#1050);
#764=LINE('',#4254,#1051);
#765=LINE('',#4256,#1052);
#766=LINE('',#4258,#1053);
#767=VECTOR('',#2826,10.);
#768=VECTOR('',#2827,10.);
#769=VECTOR('',#2828,10.);
#770=VECTOR('',#2829,10.);
#771=VECTOR('',#2832,10.);
#772=VECTOR('',#2833,10.);
#773=VECTOR('',#2834,10.);
#774=VECTOR('',#2837,10.);
#775=VECTOR('',#2838,10.);
#776=VECTOR('',#2839,10.);
#777=VECTOR('',#2842,10.);
#778=VECTOR('',#2843,10.);
#779=VECTOR('',#2846,10.);
#780=VECTOR('',#2847,10.);
#781=VECTOR('',#2848,10.);
#782=VECTOR('',#2849,10.);
#783=VECTOR('',#2852,10.);
#784=VECTOR('',#2853,10.);
#785=VECTOR('',#2854,10.);
#786=VECTOR('',#2857,10.);
#787=VECTOR('',#2858,10.);
#788=VECTOR('',#2859,10.);
#789=VECTOR('',#2862,10.);
#790=VECTOR('',#2863,10.);
#791=VECTOR('',#2866,10.);
#792=VECTOR('',#2867,10.);
#793=VECTOR('',#2868,10.);
#794=VECTOR('',#2869,10.);
#795=VECTOR('',#2872,10.);
#796=VECTOR('',#2873,10.);
#797=VECTOR('',#2874,10.);
#798=VECTOR('',#2877,10.);
#799=VECTOR('',#2878,10.);
#800=VECTOR('',#2879,10.);
#801=VECTOR('',#2882,10.);
#802=VECTOR('',#2883,10.);
#803=VECTOR('',#2886,10.);
#804=VECTOR('',#2887,10.);
#805=VECTOR('',#2888,10.);
#806=VECTOR('',#2889,10.);
#807=VECTOR('',#2892,10.);
#808=VECTOR('',#2893,10.);
#809=VECTOR('',#2894,10.);
#810=VECTOR('',#2897,10.);
#811=VECTOR('',#2898,10.);
#812=VECTOR('',#2899,10.);
#813=VECTOR('',#2902,10.);
#814=VECTOR('',#2903,10.);
#815=VECTOR('',#2906,10.);
#816=VECTOR('',#2907,10.);
#817=VECTOR('',#2908,10.);
#818=VECTOR('',#2909,10.);
#819=VECTOR('',#2912,10.);
#820=VECTOR('',#2913,10.);
#821=VECTOR('',#2914,10.);
#822=VECTOR('',#2917,10.);
#823=VECTOR('',#2918,10.);
#824=VECTOR('',#2919,10.);
#825=VECTOR('',#2922,10.);
#826=VECTOR('',#2923,10.);
#827=VECTOR('',#2926,10.);
#828=VECTOR('',#2927,10.);
#829=VECTOR('',#2928,10.);
#830=VECTOR('',#2929,10.);
#831=VECTOR('',#2932,10.);
#832=VECTOR('',#2933,10.);
#833=VECTOR('',#2934,10.);
#834=VECTOR('',#2937,10.);
#835=VECTOR('',#2938,10.);
#836=VECTOR('',#2939,10.);
#837=VECTOR('',#2942,10.);
#838=VECTOR('',#2943,10.);
#839=VECTOR('',#2946,10.);
#840=VECTOR('',#2947,10.);
#841=VECTOR('',#2948,10.);
#842=VECTOR('',#2949,10.);
#843=VECTOR('',#2952,10.);
#844=VECTOR('',#2953,10.);
#845=VECTOR('',#2954,10.);
#846=VECTOR('',#2957,10.);
#847=VECTOR('',#2958,10.);
#848=VECTOR('',#2959,10.);
#849=VECTOR('',#2962,10.);
#850=VECTOR('',#2963,10.);
#851=VECTOR('',#2966,10.);
#852=VECTOR('',#2967,10.);
#853=VECTOR('',#2968,10.);
#854=VECTOR('',#2969,10.);
#855=VECTOR('',#2972,10.);
#856=VECTOR('',#2979,10.);
#857=VECTOR('',#2980,10.);
#858=VECTOR('',#2981,10.);
#859=VECTOR('',#2984,10.);
#860=VECTOR('',#2991,10.);
#861=VECTOR('',#2992,10.);
#862=VECTOR('',#2993,10.);
#863=VECTOR('',#2996,10.);
#864=VECTOR('',#3003,10.);
#865=VECTOR('',#3004,10.);
#866=VECTOR('',#3005,10.);
#867=VECTOR('',#3014,10.);
#868=VECTOR('',#3017,10.);
#869=VECTOR('',#3020,10.);
#870=VECTOR('',#3021,10.);
#871=VECTOR('',#3024,10.);
#872=VECTOR('',#3029,10.);
#873=VECTOR('',#3030,10.);
#874=VECTOR('',#3035,10.);
#875=VECTOR('',#3038,10.);
#876=VECTOR('',#3041,10.);
#877=VECTOR('',#3044,10.);
#878=VECTOR('',#3047,10.);
#879=VECTOR('',#3052,10.);
#880=VECTOR('',#3053,10.);
#881=VECTOR('',#3056,10.);
#882=VECTOR('',#3061,10.);
#883=VECTOR('',#3066,10.);
#884=VECTOR('',#3069,10.);
#885=VECTOR('',#3072,10.);
#886=VECTOR('',#3075,10.);
#887=VECTOR('',#3078,10.);
#888=VECTOR('',#3079,10.);
#889=VECTOR('',#3082,10.);
#890=VECTOR('',#3085,10.);
#891=VECTOR('',#3088,10.);
#892=VECTOR('',#3091,10.);
#893=VECTOR('',#3094,10.);
#894=VECTOR('',#3097,10.);
#895=VECTOR('',#3104,10.);
#896=VECTOR('',#3107,10.);
#897=VECTOR('',#3110,10.);
#898=VECTOR('',#3113,10.);
#899=VECTOR('',#3116,10.);
#900=VECTOR('',#3117,10.);
#901=VECTOR('',#3118,10.);
#902=VECTOR('',#3123,10.);
#903=VECTOR('',#3126,10.);
#904=VECTOR('',#3127,10.);
#905=VECTOR('',#3132,10.);
#906=VECTOR('',#3135,10.);
#907=VECTOR('',#3136,10.);
#908=VECTOR('',#3141,10.);
#909=VECTOR('',#3144,10.);
#910=VECTOR('',#3145,10.);
#911=VECTOR('',#3154,10.);
#912=VECTOR('',#3157,10.);
#913=VECTOR('',#3162,10.);
#914=VECTOR('',#3165,10.);
#915=VECTOR('',#3168,10.);
#916=VECTOR('',#3171,10.);
#917=VECTOR('',#3174,10.);
#918=VECTOR('',#3175,10.);
#919=VECTOR('',#3178,10.);
#920=VECTOR('',#3179,10.);
#921=VECTOR('',#3180,10.);
#922=VECTOR('',#3183,10.);
#923=VECTOR('',#3184,10.);
#924=VECTOR('',#3187,10.);
#925=VECTOR('',#3190,10.);
#926=VECTOR('',#3193,10.);
#927=VECTOR('',#3196,10.);
#928=VECTOR('',#3205,10.);
#929=VECTOR('',#3206,10.);
#930=VECTOR('',#3207,10.);
#931=VECTOR('',#3208,10.);
#932=VECTOR('',#3209,10.);
#933=VECTOR('',#3210,10.);
#934=VECTOR('',#3211,10.);
#935=VECTOR('',#3212,10.);
#936=VECTOR('',#3213,10.);
#937=VECTOR('',#3214,10.);
#938=VECTOR('',#3215,10.);
#939=VECTOR('',#3216,10.);
#940=VECTOR('',#3217,10.);
#941=VECTOR('',#3218,10.);
#942=VECTOR('',#3219,10.);
#943=VECTOR('',#3220,10.);
#944=VECTOR('',#3221,10.);
#945=VECTOR('',#3222,10.);
#946=VECTOR('',#3223,10.);
#947=VECTOR('',#3224,10.);
#948=VECTOR('',#3225,10.);
#949=VECTOR('',#3226,10.);
#950=VECTOR('',#3227,10.);
#951=VECTOR('',#3228,10.);
#952=VECTOR('',#3233,10.);
#953=VECTOR('',#3246,10.);
#954=VECTOR('',#3257,10.);
#955=VECTOR('',#3268,10.);
#956=VECTOR('',#3275,10.);
#957=VECTOR('',#3278,10.);
#958=VECTOR('',#3281,10.);
#959=VECTOR('',#3282,10.);
#960=VECTOR('',#3285,10.);
#961=VECTOR('',#3290,10.);
#962=VECTOR('',#3291,10.);
#963=VECTOR('',#3294,10.);
#964=VECTOR('',#3295,10.);
#965=VECTOR('',#3296,10.);
#966=VECTOR('',#3299,10.);
#967=VECTOR('',#3300,10.);
#968=VECTOR('',#3303,10.);
#969=VECTOR('',#3304,10.);
#970=VECTOR('',#3307,10.);
#971=VECTOR('',#3310,10.);
#972=VECTOR('',#3311,10.);
#973=VECTOR('',#3312,10.);
#974=VECTOR('',#3315,10.);
#975=VECTOR('',#3316,10.);
#976=VECTOR('',#3319,10.);
#977=VECTOR('',#3320,10.);
#978=VECTOR('',#3323,10.);
#979=VECTOR('',#3326,10.);
#980=VECTOR('',#3327,10.);
#981=VECTOR('',#3328,10.);
#982=VECTOR('',#3331,10.);
#983=VECTOR('',#3332,10.);
#984=VECTOR('',#3335,10.);
#985=VECTOR('',#3336,10.);
#986=VECTOR('',#3339,10.);
#987=VECTOR('',#3342,10.);
#988=VECTOR('',#3343,10.);
#989=VECTOR('',#3344,10.);
#990=VECTOR('',#3347,10.);
#991=VECTOR('',#3348,10.);
#992=VECTOR('',#3351,10.);
#993=VECTOR('',#3352,10.);
#994=VECTOR('',#3355,10.);
#995=VECTOR('',#3358,10.);
#996=VECTOR('',#3359,10.);
#997=VECTOR('',#3360,10.);
#998=VECTOR('',#3363,10.);
#999=VECTOR('',#3364,10.);
#1000=VECTOR('',#3367,10.);
#1001=VECTOR('',#3368,10.);
#1002=VECTOR('',#3371,10.);
#1003=VECTOR('',#3374,10.);
#1004=VECTOR('',#3375,10.);
#1005=VECTOR('',#3376,10.);
#1006=VECTOR('',#3379,10.);
#1007=VECTOR('',#3380,10.);
#1008=VECTOR('',#3383,10.);
#1009=VECTOR('',#3384,10.);
#1010=VECTOR('',#3387,10.);
#1011=VECTOR('',#3390,1.25);
#1012=VECTOR('',#3395,10.);
#1013=VECTOR('',#3396,10.);
#1014=VECTOR('',#3399,10.);
#1015=VECTOR('',#3402,2.);
#1016=VECTOR('',#3407,5.);
#1017=VECTOR('',#3412,10.);
#1018=VECTOR('',#3413,10.);
#1019=VECTOR('',#3414,10.);
#1020=VECTOR('',#3415,10.);
#1021=VECTOR('',#3420,10.);
#1022=VECTOR('',#3425,10.);
#1023=VECTOR('',#3426,10.);
#1024=VECTOR('',#3427,10.);
#1025=VECTOR('',#3432,10.);
#1026=VECTOR('',#3437,10.);
#1027=VECTOR('',#3438,10.);
#1028=VECTOR('',#3439,10.);
#1029=VECTOR('',#3444,10.);
#1030=VECTOR('',#3449,10.);
#1031=VECTOR('',#3450,10.);
#1032=VECTOR('',#3451,10.);
#1033=VECTOR('',#3462,10.);
#1034=VECTOR('',#3465,10.);
#1035=VECTOR('',#3468,10.);
#1036=VECTOR('',#3471,10.);
#1037=VECTOR('',#3474,10.);
#1038=VECTOR('',#3475,10.);
#1039=VECTOR('',#3476,10.);
#1040=VECTOR('',#3479,10.);
#1041=VECTOR('',#3484,10.);
#1042=VECTOR('',#3485,10.);
#1043=VECTOR('',#3488,10.);
#1044=VECTOR('',#3493,10.);
#1045=VECTOR('',#3494,10.);
#1046=VECTOR('',#3497,10.);
#1047=VECTOR('',#3502,10.);
#1048=VECTOR('',#3503,10.);
#1049=VECTOR('',#3512,10.);
#1050=VECTOR('',#3515,10.);
#1051=VECTOR('',#3520,10.);
#1052=VECTOR('',#3523,10.);
#1053=VECTOR('',#3526,10.);
#1054=VERTEX_POINT('',#3531);
#1055=VERTEX_POINT('',#3532);
#1056=VERTEX_POINT('',#3534);
#1057=VERTEX_POINT('',#3536);
#1058=VERTEX_POINT('',#3540);
#1059=VERTEX_POINT('',#3542);
#1060=VERTEX_POINT('',#3546);
#1061=VERTEX_POINT('',#3548);
#1062=VERTEX_POINT('',#3555);
#1063=VERTEX_POINT('',#3556);
#1064=VERTEX_POINT('',#3558);
#1065=VERTEX_POINT('',#3560);
#1066=VERTEX_POINT('',#3564);
#1067=VERTEX_POINT('',#3566);
#1068=VERTEX_POINT('',#3570);
#1069=VERTEX_POINT('',#3572);
#1070=VERTEX_POINT('',#3579);
#1071=VERTEX_POINT('',#3580);
#1072=VERTEX_POINT('',#3582);
#1073=VERTEX_POINT('',#3584);
#1074=VERTEX_POINT('',#3588);
#1075=VERTEX_POINT('',#3590);
#1076=VERTEX_POINT('',#3594);
#1077=VERTEX_POINT('',#3596);
#1078=VERTEX_POINT('',#3603);
#1079=VERTEX_POINT('',#3604);
#1080=VERTEX_POINT('',#3606);
#1081=VERTEX_POINT('',#3608);
#1082=VERTEX_POINT('',#3612);
#1083=VERTEX_POINT('',#3614);
#1084=VERTEX_POINT('',#3618);
#1085=VERTEX_POINT('',#3620);
#1086=VERTEX_POINT('',#3627);
#1087=VERTEX_POINT('',#3628);
#1088=VERTEX_POINT('',#3630);
#1089=VERTEX_POINT('',#3632);
#1090=VERTEX_POINT('',#3636);
#1091=VERTEX_POINT('',#3638);
#1092=VERTEX_POINT('',#3642);
#1093=VERTEX_POINT('',#3644);
#1094=VERTEX_POINT('',#3651);
#1095=VERTEX_POINT('',#3652);
#1096=VERTEX_POINT('',#3654);
#1097=VERTEX_POINT('',#3656);
#1098=VERTEX_POINT('',#3660);
#1099=VERTEX_POINT('',#3662);
#1100=VERTEX_POINT('',#3666);
#1101=VERTEX_POINT('',#3668);
#1102=VERTEX_POINT('',#3675);
#1103=VERTEX_POINT('',#3676);
#1104=VERTEX_POINT('',#3678);
#1105=VERTEX_POINT('',#3680);
#1106=VERTEX_POINT('',#3684);
#1107=VERTEX_POINT('',#3686);
#1108=VERTEX_POINT('',#3690);
#1109=VERTEX_POINT('',#3692);
#1110=VERTEX_POINT('',#3699);
#1111=VERTEX_POINT('',#3700);
#1112=VERTEX_POINT('',#3702);
#1113=VERTEX_POINT('',#3704);
#1114=VERTEX_POINT('',#3708);
#1115=VERTEX_POINT('',#3709);
#1116=VERTEX_POINT('',#3714);
#1117=VERTEX_POINT('',#3715);
#1118=VERTEX_POINT('',#3720);
#1119=VERTEX_POINT('',#3721);
#1120=VERTEX_POINT('',#3726);
#1121=VERTEX_POINT('',#3727);
#1122=VERTEX_POINT('',#3732);
#1123=VERTEX_POINT('',#3733);
#1124=VERTEX_POINT('',#3738);
#1125=VERTEX_POINT('',#3739);
#1126=VERTEX_POINT('',#3747);
#1127=VERTEX_POINT('',#3749);
#1128=VERTEX_POINT('',#3753);
#1129=VERTEX_POINT('',#3757);
#1130=VERTEX_POINT('',#3761);
#1131=VERTEX_POINT('',#3765);
#1132=VERTEX_POINT('',#3766);
#1133=VERTEX_POINT('',#3768);
#1134=VERTEX_POINT('',#3770);
#1135=VERTEX_POINT('',#3772);
#1136=VERTEX_POINT('',#3774);
#1137=VERTEX_POINT('',#3776);
#1138=VERTEX_POINT('',#3778);
#1139=VERTEX_POINT('',#3782);
#1140=VERTEX_POINT('',#3786);
#1141=VERTEX_POINT('',#3790);
#1142=VERTEX_POINT('',#3796);
#1143=VERTEX_POINT('',#3797);
#1144=VERTEX_POINT('',#3799);
#1145=VERTEX_POINT('',#3801);
#1146=VERTEX_POINT('',#3803);
#1147=VERTEX_POINT('',#3805);
#1148=VERTEX_POINT('',#3807);
#1149=VERTEX_POINT('',#3809);
#1150=VERTEX_POINT('',#3829);
#1151=VERTEX_POINT('',#3830);
#1152=VERTEX_POINT('',#3832);
#1153=VERTEX_POINT('',#3834);
#1154=VERTEX_POINT('',#3836);
#1155=VERTEX_POINT('',#3838);
#1156=VERTEX_POINT('',#3840);
#1157=VERTEX_POINT('',#3842);
#1158=VERTEX_POINT('',#3846);
#1159=VERTEX_POINT('',#3847);
#1160=VERTEX_POINT('',#3852);
#1161=VERTEX_POINT('',#3856);
#1162=VERTEX_POINT('',#3860);
#1163=VERTEX_POINT('',#3864);
#1164=VERTEX_POINT('',#3868);
#1165=VERTEX_POINT('',#3872);
#1166=VERTEX_POINT('',#3879);
#1167=VERTEX_POINT('',#3880);
#1168=VERTEX_POINT('',#3882);
#1169=VERTEX_POINT('',#3884);
#1170=VERTEX_POINT('',#3888);
#1171=VERTEX_POINT('',#3890);
#1172=VERTEX_POINT('',#3894);
#1173=VERTEX_POINT('',#3896);
#1174=VERTEX_POINT('',#3903);
#1175=VERTEX_POINT('',#3905);
#1176=VERTEX_POINT('',#3909);
#1177=VERTEX_POINT('',#3913);
#1178=VERTEX_POINT('',#3914);
#1179=VERTEX_POINT('',#3916);
#1180=VERTEX_POINT('',#3918);
#1181=VERTEX_POINT('',#3920);
#1182=VERTEX_POINT('',#3922);
#1183=VERTEX_POINT('',#3924);
#1184=VERTEX_POINT('',#3926);
#1185=VERTEX_POINT('',#3929);
#1186=VERTEX_POINT('',#3931);
#1187=VERTEX_POINT('',#3933);
#1188=VERTEX_POINT('',#3935);
#1189=VERTEX_POINT('',#3936);
#1190=VERTEX_POINT('',#3938);
#1191=VERTEX_POINT('',#3940);
#1192=VERTEX_POINT('',#3943);
#1193=VERTEX_POINT('',#3944);
#1194=VERTEX_POINT('',#3946);
#1195=VERTEX_POINT('',#3948);
#1196=VERTEX_POINT('',#3951);
#1197=VERTEX_POINT('',#3952);
#1198=VERTEX_POINT('',#3954);
#1199=VERTEX_POINT('',#3956);
#1200=VERTEX_POINT('',#3959);
#1201=VERTEX_POINT('',#3960);
#1202=VERTEX_POINT('',#3962);
#1203=VERTEX_POINT('',#3964);
#1204=VERTEX_POINT('',#3967);
#1205=VERTEX_POINT('',#3968);
#1206=VERTEX_POINT('',#3970);
#1207=VERTEX_POINT('',#3972);
#1208=VERTEX_POINT('',#3975);
#1209=VERTEX_POINT('',#3976);
#1210=VERTEX_POINT('',#3978);
#1211=VERTEX_POINT('',#3980);
#1212=VERTEX_POINT('',#3984);
#1213=VERTEX_POINT('',#3986);
#1214=VERTEX_POINT('',#3990);
#1215=VERTEX_POINT('',#3994);
#1216=VERTEX_POINT('',#3998);
#1217=VERTEX_POINT('',#4002);
#1218=VERTEX_POINT('',#4006);
#1219=VERTEX_POINT('',#4010);
#1220=VERTEX_POINT('',#4016);
#1221=VERTEX_POINT('',#4018);
#1222=VERTEX_POINT('',#4022);
#1223=VERTEX_POINT('',#4026);
#1224=VERTEX_POINT('',#4030);
#1225=VERTEX_POINT('',#4034);
#1226=VERTEX_POINT('',#4035);
#1227=VERTEX_POINT('',#4040);
#1228=VERTEX_POINT('',#4044);
#1229=VERTEX_POINT('',#4050);
#1230=VERTEX_POINT('',#4051);
#1231=VERTEX_POINT('',#4056);
#1232=VERTEX_POINT('',#4060);
#1233=VERTEX_POINT('',#4066);
#1234=VERTEX_POINT('',#4067);
#1235=VERTEX_POINT('',#4072);
#1236=VERTEX_POINT('',#4076);
#1237=VERTEX_POINT('',#4082);
#1238=VERTEX_POINT('',#4083);
#1239=VERTEX_POINT('',#4088);
#1240=VERTEX_POINT('',#4092);
#1241=VERTEX_POINT('',#4098);
#1242=VERTEX_POINT('',#4099);
#1243=VERTEX_POINT('',#4104);
#1244=VERTEX_POINT('',#4108);
#1245=VERTEX_POINT('',#4114);
#1246=VERTEX_POINT('',#4115);
#1247=VERTEX_POINT('',#4120);
#1248=VERTEX_POINT('',#4124);
#1249=VERTEX_POINT('',#4130);
#1250=VERTEX_POINT('',#4134);
#1251=VERTEX_POINT('',#4140);
#1252=VERTEX_POINT('',#4144);
#1253=VERTEX_POINT('',#4148);
#1254=VERTEX_POINT('',#4149);
#1255=VERTEX_POINT('',#4151);
#1256=VERTEX_POINT('',#4153);
#1257=VERTEX_POINT('',#4157);
#1258=VERTEX_POINT('',#4159);
#1259=VERTEX_POINT('',#4163);
#1260=VERTEX_POINT('',#4165);
#1261=VERTEX_POINT('',#4169);
#1262=VERTEX_POINT('',#4171);
#1263=VERTEX_POINT('',#4175);
#1264=VERTEX_POINT('',#4177);
#1265=VERTEX_POINT('',#4181);
#1266=VERTEX_POINT('',#4183);
#1267=VERTEX_POINT('',#4187);
#1268=VERTEX_POINT('',#4189);
#1269=VERTEX_POINT('',#4196);
#1270=VERTEX_POINT('',#4197);
#1271=VERTEX_POINT('',#4199);
#1272=VERTEX_POINT('',#4201);
#1273=VERTEX_POINT('',#4203);
#1274=VERTEX_POINT('',#4205);
#1275=VERTEX_POINT('',#4207);
#1276=VERTEX_POINT('',#4209);
#1277=VERTEX_POINT('',#4213);
#1278=VERTEX_POINT('',#4215);
#1279=VERTEX_POINT('',#4219);
#1280=VERTEX_POINT('',#4223);
#1281=VERTEX_POINT('',#4227);
#1282=VERTEX_POINT('',#4231);
#1283=VERTEX_POINT('',#4235);
#1284=VERTEX_POINT('',#4239);
#1285=VERTEX_POINT('',#4246);
#1286=VERTEX_POINT('',#4248);
#1287=VERTEX_POINT('',#4250);
#1288=EDGE_CURVE('',#1054,#1055,#480,.T.);
#1289=EDGE_CURVE('',#1056,#1054,#481,.T.);
#1290=EDGE_CURVE('',#1057,#1056,#482,.T.);
#1291=EDGE_CURVE('',#1057,#1055,#483,.T.);
#1292=EDGE_CURVE('',#1055,#1058,#484,.T.);
#1293=EDGE_CURVE('',#1059,#1057,#485,.T.);
#1294=EDGE_CURVE('',#1059,#1058,#486,.T.);
#1295=EDGE_CURVE('',#1058,#1060,#487,.T.);
#1296=EDGE_CURVE('',#1061,#1059,#488,.T.);
#1297=EDGE_CURVE('',#1061,#1060,#489,.T.);
#1298=EDGE_CURVE('',#1060,#1054,#490,.T.);
#1299=EDGE_CURVE('',#1056,#1061,#491,.T.);
#1300=EDGE_CURVE('',#1062,#1063,#492,.T.);
#1301=EDGE_CURVE('',#1064,#1062,#493,.T.);
#1302=EDGE_CURVE('',#1065,#1064,#494,.T.);
#1303=EDGE_CURVE('',#1065,#1063,#495,.T.);
#1304=EDGE_CURVE('',#1063,#1066,#496,.T.);
#1305=EDGE_CURVE('',#1067,#1065,#497,.T.);
#1306=EDGE_CURVE('',#1067,#1066,#498,.T.);
#1307=EDGE_CURVE('',#1066,#1068,#499,.T.);
#1308=EDGE_CURVE('',#1069,#1067,#500,.T.);
#1309=EDGE_CURVE('',#1069,#1068,#501,.T.);
#1310=EDGE_CURVE('',#1068,#1062,#502,.T.);
#1311=EDGE_CURVE('',#1064,#1069,#503,.T.);
#1312=EDGE_CURVE('',#1070,#1071,#504,.T.);
#1313=EDGE_CURVE('',#1072,#1070,#505,.T.);
#1314=EDGE_CURVE('',#1073,#1072,#506,.T.);
#1315=EDGE_CURVE('',#1073,#1071,#507,.T.);
#1316=EDGE_CURVE('',#1071,#1074,#508,.T.);
#1317=EDGE_CURVE('',#1075,#1073,#509,.T.);
#1318=EDGE_CURVE('',#1075,#1074,#510,.T.);
#1319=EDGE_CURVE('',#1074,#1076,#511,.T.);
#1320=EDGE_CURVE('',#1077,#1075,#512,.T.);
#1321=EDGE_CURVE('',#1077,#1076,#513,.T.);
#1322=EDGE_CURVE('',#1076,#1070,#514,.T.);
#1323=EDGE_CURVE('',#1072,#1077,#515,.T.);
#1324=EDGE_CURVE('',#1078,#1079,#516,.T.);
#1325=EDGE_CURVE('',#1080,#1078,#517,.T.);
#1326=EDGE_CURVE('',#1081,#1080,#518,.T.);
#1327=EDGE_CURVE('',#1081,#1079,#519,.T.);
#1328=EDGE_CURVE('',#1079,#1082,#520,.T.);
#1329=EDGE_CURVE('',#1083,#1081,#521,.T.);
#1330=EDGE_CURVE('',#1083,#1082,#522,.T.);
#1331=EDGE_CURVE('',#1082,#1084,#523,.T.);
#1332=EDGE_CURVE('',#1085,#1083,#524,.T.);
#1333=EDGE_CURVE('',#1085,#1084,#525,.T.);
#1334=EDGE_CURVE('',#1084,#1078,#526,.T.);
#1335=EDGE_CURVE('',#1080,#1085,#527,.T.);
#1336=EDGE_CURVE('',#1086,#1087,#528,.T.);
#1337=EDGE_CURVE('',#1088,#1086,#529,.T.);
#1338=EDGE_CURVE('',#1089,#1088,#530,.T.);
#1339=EDGE_CURVE('',#1089,#1087,#531,.T.);
#1340=EDGE_CURVE('',#1087,#1090,#532,.T.);
#1341=EDGE_CURVE('',#1091,#1089,#533,.T.);
#1342=EDGE_CURVE('',#1091,#1090,#534,.T.);
#1343=EDGE_CURVE('',#1090,#1092,#535,.T.);
#1344=EDGE_CURVE('',#1093,#1091,#536,.T.);
#1345=EDGE_CURVE('',#1093,#1092,#537,.T.);
#1346=EDGE_CURVE('',#1092,#1086,#538,.T.);
#1347=EDGE_CURVE('',#1088,#1093,#539,.T.);
#1348=EDGE_CURVE('',#1094,#1095,#540,.T.);
#1349=EDGE_CURVE('',#1096,#1094,#541,.T.);
#1350=EDGE_CURVE('',#1097,#1096,#542,.T.);
#1351=EDGE_CURVE('',#1097,#1095,#543,.T.);
#1352=EDGE_CURVE('',#1095,#1098,#544,.T.);
#1353=EDGE_CURVE('',#1099,#1097,#545,.T.);
#1354=EDGE_CURVE('',#1099,#1098,#546,.T.);
#1355=EDGE_CURVE('',#1098,#1100,#547,.T.);
#1356=EDGE_CURVE('',#1101,#1099,#548,.T.);
#1357=EDGE_CURVE('',#1101,#1100,#549,.T.);
#1358=EDGE_CURVE('',#1100,#1094,#550,.T.);
#1359=EDGE_CURVE('',#1096,#1101,#551,.T.);
#1360=EDGE_CURVE('',#1102,#1103,#552,.T.);
#1361=EDGE_CURVE('',#1104,#1102,#553,.T.);
#1362=EDGE_CURVE('',#1105,#1104,#554,.T.);
#1363=EDGE_CURVE('',#1105,#1103,#555,.T.);
#1364=EDGE_CURVE('',#1103,#1106,#556,.T.);
#1365=EDGE_CURVE('',#1107,#1105,#557,.T.);
#1366=EDGE_CURVE('',#1107,#1106,#558,.T.);
#1367=EDGE_CURVE('',#1106,#1108,#559,.T.);
#1368=EDGE_CURVE('',#1109,#1107,#560,.T.);
#1369=EDGE_CURVE('',#1109,#1108,#561,.T.);
#1370=EDGE_CURVE('',#1108,#1102,#562,.T.);
#1371=EDGE_CURVE('',#1104,#1109,#563,.T.);
#1372=EDGE_CURVE('',#1110,#1111,#564,.T.);
#1373=EDGE_CURVE('',#1111,#1112,#565,.T.);
#1374=EDGE_CURVE('',#1112,#1113,#566,.T.);
#1375=EDGE_CURVE('',#1113,#1110,#567,.T.);
#1376=EDGE_CURVE('',#1114,#1115,#568,.T.);
#1377=EDGE_CURVE('',#1115,#1111,#98,.T.);
#1378=EDGE_CURVE('',#1110,#1114,#99,.T.);
#1379=EDGE_CURVE('',#1116,#1117,#569,.T.);
#1380=EDGE_CURVE('',#1117,#1115,#570,.T.);
#1381=EDGE_CURVE('',#1114,#1116,#571,.T.);
#1382=EDGE_CURVE('',#1118,#1119,#572,.T.);
#1383=EDGE_CURVE('',#1119,#1117,#100,.T.);
#1384=EDGE_CURVE('',#1116,#1118,#101,.T.);
#1385=EDGE_CURVE('',#1120,#1121,#573,.T.);
#1386=EDGE_CURVE('',#1121,#1119,#574,.T.);
#1387=EDGE_CURVE('',#1118,#1120,#575,.T.);
#1388=EDGE_CURVE('',#1122,#1123,#576,.T.);
#1389=EDGE_CURVE('',#1123,#1121,#102,.T.);
#1390=EDGE_CURVE('',#1120,#1122,#103,.T.);
#1391=EDGE_CURVE('',#1124,#1125,#577,.T.);
#1392=EDGE_CURVE('',#1125,#1123,#578,.T.);
#1393=EDGE_CURVE('',#1122,#1124,#579,.T.);
#1394=EDGE_CURVE('',#1112,#1125,#104,.T.);
#1395=EDGE_CURVE('',#1124,#1113,#105,.T.);
#1396=EDGE_CURVE('',#1126,#1116,#580,.T.);
#1397=EDGE_CURVE('',#1127,#1126,#106,.T.);
#1398=EDGE_CURVE('',#1127,#1118,#581,.T.);
#1399=EDGE_CURVE('',#1128,#1114,#582,.T.);
#1400=EDGE_CURVE('',#1126,#1128,#583,.T.);
#1401=EDGE_CURVE('',#1129,#1110,#584,.T.);
#1402=EDGE_CURVE('',#1128,#1129,#107,.T.);
#1403=EDGE_CURVE('',#1130,#1113,#585,.T.);
#1404=EDGE_CURVE('',#1129,#1130,#586,.T.);
#1405=EDGE_CURVE('',#1131,#1132,#108,.T.);
#1406=EDGE_CURVE('',#1132,#1133,#587,.T.);
#1407=EDGE_CURVE('',#1133,#1134,#109,.T.);
#1408=EDGE_CURVE('',#1134,#1135,#588,.T.);
#1409=EDGE_CURVE('',#1135,#1136,#110,.T.);
#1410=EDGE_CURVE('',#1136,#1137,#589,.T.);
#1411=EDGE_CURVE('',#1137,#1138,#111,.T.);
#1412=EDGE_CURVE('',#1138,#1131,#590,.T.);
#1413=EDGE_CURVE('',#1139,#1124,#591,.T.);
#1414=EDGE_CURVE('',#1130,#1139,#112,.T.);
#1415=EDGE_CURVE('',#1140,#1122,#592,.T.);
#1416=EDGE_CURVE('',#1139,#1140,#593,.T.);
#1417=EDGE_CURVE('',#1141,#1120,#594,.T.);
#1418=EDGE_CURVE('',#1140,#1141,#113,.T.);
#1419=EDGE_CURVE('',#1141,#1127,#595,.T.);
#1420=EDGE_CURVE('',#1142,#1143,#114,.T.);
#1421=EDGE_CURVE('',#1143,#1144,#596,.T.);
#1422=EDGE_CURVE('',#1144,#1145,#115,.T.);
#1423=EDGE_CURVE('',#1145,#1146,#597,.T.);
#1424=EDGE_CURVE('',#1146,#1147,#116,.T.);
#1425=EDGE_CURVE('',#1147,#1148,#598,.T.);
#1426=EDGE_CURVE('',#1148,#1149,#117,.T.);
#1427=EDGE_CURVE('',#1149,#1142,#599,.T.);
#1428=EDGE_CURVE('',#1146,#1138,#600,.T.);
#1429=EDGE_CURVE('',#1145,#1131,#601,.T.);
#1430=EDGE_CURVE('',#1147,#1137,#602,.T.);
#1431=EDGE_CURVE('',#1148,#1136,#603,.T.);
#1432=EDGE_CURVE('',#1149,#1135,#604,.T.);
#1433=EDGE_CURVE('',#1142,#1134,#605,.T.);
#1434=EDGE_CURVE('',#1143,#1133,#606,.T.);
#1435=EDGE_CURVE('',#1144,#1132,#607,.T.);
#1436=EDGE_CURVE('',#1150,#1151,#118,.T.);
#1437=EDGE_CURVE('',#1152,#1150,#608,.T.);
#1438=EDGE_CURVE('',#1153,#1152,#119,.T.);
#1439=EDGE_CURVE('',#1154,#1153,#609,.T.);
#1440=EDGE_CURVE('',#1155,#1154,#120,.T.);
#1441=EDGE_CURVE('',#1156,#1155,#610,.T.);
#1442=EDGE_CURVE('',#1157,#1156,#121,.T.);
#1443=EDGE_CURVE('',#1151,#1157,#611,.T.);
#1444=EDGE_CURVE('',#1158,#1159,#612,.T.);
#1445=EDGE_CURVE('',#1156,#1158,#613,.T.);
#1446=EDGE_CURVE('',#1155,#1159,#614,.T.);
#1447=EDGE_CURVE('',#1159,#1160,#122,.T.);
#1448=EDGE_CURVE('',#1154,#1160,#615,.T.);
#1449=EDGE_CURVE('',#1160,#1161,#616,.T.);
#1450=EDGE_CURVE('',#1153,#1161,#617,.T.);
#1451=EDGE_CURVE('',#1161,#1162,#123,.T.);
#1452=EDGE_CURVE('',#1152,#1162,#618,.T.);
#1453=EDGE_CURVE('',#1162,#1163,#619,.T.);
#1454=EDGE_CURVE('',#1150,#1163,#620,.T.);
#1455=EDGE_CURVE('',#1163,#1164,#124,.T.);
#1456=EDGE_CURVE('',#1151,#1164,#621,.T.);
#1457=EDGE_CURVE('',#1164,#1165,#622,.T.);
#1458=EDGE_CURVE('',#1157,#1165,#623,.T.);
#1459=EDGE_CURVE('',#1165,#1158,#125,.T.);
#1460=EDGE_CURVE('',#1166,#1167,#624,.T.);
#1461=EDGE_CURVE('',#1167,#1168,#17,.T.);
#1462=EDGE_CURVE('',#1168,#1169,#625,.T.);
#1463=EDGE_CURVE('',#1166,#1169,#18,.T.);
#1464=EDGE_CURVE('',#1167,#1170,#626,.T.);
#1465=EDGE_CURVE('',#1170,#1171,#19,.T.);
#1466=EDGE_CURVE('',#1171,#1168,#627,.T.);
#1467=EDGE_CURVE('',#1169,#1172,#628,.T.);
#1468=EDGE_CURVE('',#1172,#1173,#20,.T.);
#1469=EDGE_CURVE('',#1173,#1166,#629,.T.);
#1470=EDGE_CURVE('',#1170,#1173,#630,.T.);
#1471=EDGE_CURVE('',#1172,#1171,#631,.T.);
#1472=EDGE_CURVE('',#1169,#1174,#632,.T.);
#1473=EDGE_CURVE('',#1175,#1174,#633,.T.);
#1474=EDGE_CURVE('',#1172,#1175,#634,.T.);
#1475=EDGE_CURVE('',#1168,#1176,#635,.T.);
#1476=EDGE_CURVE('',#1174,#1176,#636,.T.);
#1477=EDGE_CURVE('',#1177,#1178,#637,.T.);
#1478=EDGE_CURVE('',#1179,#1177,#126,.T.);
#1479=EDGE_CURVE('',#1180,#1179,#638,.T.);
#1480=EDGE_CURVE('',#1181,#1180,#127,.T.);
#1481=EDGE_CURVE('',#1182,#1181,#639,.T.);
#1482=EDGE_CURVE('',#1183,#1182,#128,.T.);
#1483=EDGE_CURVE('',#1184,#1183,#640,.T.);
#1484=EDGE_CURVE('',#1178,#1184,#129,.T.);
#1485=EDGE_CURVE('',#1185,#1185,#130,.T.);
#1486=EDGE_CURVE('',#1186,#1186,#131,.T.);
#1487=EDGE_CURVE('',#1187,#1187,#132,.T.);
#1488=EDGE_CURVE('',#1188,#1189,#641,.T.);
#1489=EDGE_CURVE('',#1189,#1190,#642,.T.);
#1490=EDGE_CURVE('',#1190,#1191,#643,.T.);
#1491=EDGE_CURVE('',#1191,#1188,#644,.T.);
#1492=EDGE_CURVE('',#1192,#1193,#645,.T.);
#1493=EDGE_CURVE('',#1193,#1194,#646,.T.);
#1494=EDGE_CURVE('',#1194,#1195,#647,.T.);
#1495=EDGE_CURVE('',#1195,#1192,#648,.T.);
#1496=EDGE_CURVE('',#1196,#1197,#649,.T.);
#1497=EDGE_CURVE('',#1197,#1198,#650,.T.);
#1498=EDGE_CURVE('',#1198,#1199,#651,.T.);
#1499=EDGE_CURVE('',#1199,#1196,#652,.T.);
#1500=EDGE_CURVE('',#1200,#1201,#653,.T.);
#1501=EDGE_CURVE('',#1201,#1202,#654,.T.);
#1502=EDGE_CURVE('',#1202,#1203,#655,.T.);
#1503=EDGE_CURVE('',#1203,#1200,#656,.T.);
#1504=EDGE_CURVE('',#1204,#1205,#657,.T.);
#1505=EDGE_CURVE('',#1205,#1206,#658,.T.);
#1506=EDGE_CURVE('',#1206,#1207,#659,.T.);
#1507=EDGE_CURVE('',#1207,#1204,#660,.T.);
#1508=EDGE_CURVE('',#1208,#1209,#661,.T.);
#1509=EDGE_CURVE('',#1209,#1210,#662,.T.);
#1510=EDGE_CURVE('',#1210,#1211,#663,.T.);
#1511=EDGE_CURVE('',#1211,#1208,#664,.T.);
#1512=EDGE_CURVE('',#1178,#1212,#133,.T.);
#1513=EDGE_CURVE('',#1212,#1213,#665,.T.);
#1514=EDGE_CURVE('',#1213,#1177,#134,.T.);
#1515=EDGE_CURVE('',#1214,#1179,#135,.T.);
#1516=EDGE_CURVE('',#1213,#1214,#136,.T.);
#1517=EDGE_CURVE('',#1215,#1180,#137,.T.);
#1518=EDGE_CURVE('',#1214,#1215,#666,.T.);
#1519=EDGE_CURVE('',#1216,#1181,#138,.T.);
#1520=EDGE_CURVE('',#1215,#1216,#139,.T.);
#1521=EDGE_CURVE('',#1217,#1182,#140,.T.);
#1522=EDGE_CURVE('',#1216,#1217,#667,.T.);
#1523=EDGE_CURVE('',#1218,#1183,#141,.T.);
#1524=EDGE_CURVE('',#1217,#1218,#142,.T.);
#1525=EDGE_CURVE('',#1219,#1184,#143,.T.);
#1526=EDGE_CURVE('',#1218,#1219,#668,.T.);
#1527=EDGE_CURVE('',#1219,#1212,#144,.T.);
#1528=EDGE_CURVE('',#1220,#1215,#669,.T.);
#1529=EDGE_CURVE('',#1220,#1221,#145,.T.);
#1530=EDGE_CURVE('',#1221,#1216,#670,.T.);
#1531=EDGE_CURVE('',#1222,#1214,#671,.T.);
#1532=EDGE_CURVE('',#1222,#1220,#672,.T.);
#1533=EDGE_CURVE('',#1223,#1213,#673,.T.);
#1534=EDGE_CURVE('',#1223,#1222,#146,.T.);
#1535=EDGE_CURVE('',#1224,#1212,#674,.T.);
#1536=EDGE_CURVE('',#1224,#1223,#675,.T.);
#1537=EDGE_CURVE('',#1225,#1226,#676,.T.);
#1538=EDGE_CURVE('',#1211,#1225,#677,.T.);
#1539=EDGE_CURVE('',#1210,#1226,#678,.T.);
#1540=EDGE_CURVE('',#1226,#1227,#679,.T.);
#1541=EDGE_CURVE('',#1209,#1227,#680,.T.);
#1542=EDGE_CURVE('',#1227,#1228,#681,.T.);
#1543=EDGE_CURVE('',#1208,#1228,#682,.T.);
#1544=EDGE_CURVE('',#1228,#1225,#683,.T.);
#1545=EDGE_CURVE('',#1229,#1230,#684,.T.);
#1546=EDGE_CURVE('',#1207,#1229,#685,.T.);
#1547=EDGE_CURVE('',#1206,#1230,#686,.T.);
#1548=EDGE_CURVE('',#1230,#1231,#687,.T.);
#1549=EDGE_CURVE('',#1205,#1231,#688,.T.);
#1550=EDGE_CURVE('',#1231,#1232,#689,.T.);
#1551=EDGE_CURVE('',#1204,#1232,#690,.T.);
#1552=EDGE_CURVE('',#1232,#1229,#691,.T.);
#1553=EDGE_CURVE('',#1233,#1234,#692,.T.);
#1554=EDGE_CURVE('',#1203,#1233,#693,.T.);
#1555=EDGE_CURVE('',#1202,#1234,#694,.T.);
#1556=EDGE_CURVE('',#1234,#1235,#695,.T.);
#1557=EDGE_CURVE('',#1201,#1235,#696,.T.);
#1558=EDGE_CURVE('',#1235,#1236,#697,.T.);
#1559=EDGE_CURVE('',#1200,#1236,#698,.T.);
#1560=EDGE_CURVE('',#1236,#1233,#699,.T.);
#1561=EDGE_CURVE('',#1237,#1238,#700,.T.);
#1562=EDGE_CURVE('',#1199,#1237,#701,.T.);
#1563=EDGE_CURVE('',#1198,#1238,#702,.T.);
#1564=EDGE_CURVE('',#1238,#1239,#703,.T.);
#1565=EDGE_CURVE('',#1197,#1239,#704,.T.);
#1566=EDGE_CURVE('',#1239,#1240,#705,.T.);
#1567=EDGE_CURVE('',#1196,#1240,#706,.T.);
#1568=EDGE_CURVE('',#1240,#1237,#707,.T.);
#1569=EDGE_CURVE('',#1241,#1242,#708,.T.);
#1570=EDGE_CURVE('',#1195,#1241,#709,.T.);
#1571=EDGE_CURVE('',#1194,#1242,#710,.T.);
#1572=EDGE_CURVE('',#1242,#1243,#711,.T.);
#1573=EDGE_CURVE('',#1193,#1243,#712,.T.);
#1574=EDGE_CURVE('',#1243,#1244,#713,.T.);
#1575=EDGE_CURVE('',#1192,#1244,#714,.T.);
#1576=EDGE_CURVE('',#1244,#1241,#715,.T.);
#1577=EDGE_CURVE('',#1245,#1246,#716,.T.);
#1578=EDGE_CURVE('',#1191,#1245,#717,.T.);
#1579=EDGE_CURVE('',#1190,#1246,#718,.T.);
#1580=EDGE_CURVE('',#1246,#1247,#719,.T.);
#1581=EDGE_CURVE('',#1189,#1247,#720,.T.);
#1582=EDGE_CURVE('',#1247,#1248,#721,.T.);
#1583=EDGE_CURVE('',#1188,#1248,#722,.T.);
#1584=EDGE_CURVE('',#1248,#1245,#723,.T.);
#1585=EDGE_CURVE('',#1187,#1249,#724,.T.);
#1586=EDGE_CURVE('',#1249,#1249,#147,.T.);
#1587=EDGE_CURVE('',#1171,#1250,#725,.T.);
#1588=EDGE_CURVE('',#1176,#1250,#726,.T.);
#1589=EDGE_CURVE('',#1250,#1175,#727,.T.);
#1590=EDGE_CURVE('',#1186,#1251,#728,.T.);
#1591=EDGE_CURVE('',#1251,#1251,#148,.T.);
#1592=EDGE_CURVE('',#1185,#1252,#729,.T.);
#1593=EDGE_CURVE('',#1252,#1252,#149,.T.);
#1594=EDGE_CURVE('',#1253,#1254,#730,.T.);
#1595=EDGE_CURVE('',#1253,#1255,#731,.T.);
#1596=EDGE_CURVE('',#1255,#1256,#732,.T.);
#1597=EDGE_CURVE('',#1254,#1256,#733,.T.);
#1598=EDGE_CURVE('',#1257,#1253,#150,.T.);
#1599=EDGE_CURVE('',#1257,#1258,#734,.T.);
#1600=EDGE_CURVE('',#1258,#1255,#151,.T.);
#1601=EDGE_CURVE('',#1259,#1257,#735,.T.);
#1602=EDGE_CURVE('',#1259,#1260,#736,.T.);
#1603=EDGE_CURVE('',#1260,#1258,#737,.T.);
#1604=EDGE_CURVE('',#1261,#1259,#152,.T.);
#1605=EDGE_CURVE('',#1261,#1262,#738,.T.);
#1606=EDGE_CURVE('',#1262,#1260,#153,.T.);
#1607=EDGE_CURVE('',#1263,#1261,#739,.T.);
#1608=EDGE_CURVE('',#1263,#1264,#740,.T.);
#1609=EDGE_CURVE('',#1264,#1262,#741,.T.);
#1610=EDGE_CURVE('',#1265,#1263,#154,.T.);
#1611=EDGE_CURVE('',#1265,#1266,#742,.T.);
#1612=EDGE_CURVE('',#1266,#1264,#155,.T.);
#1613=EDGE_CURVE('',#1267,#1265,#743,.T.);
#1614=EDGE_CURVE('',#1267,#1268,#744,.T.);
#1615=EDGE_CURVE('',#1268,#1266,#745,.T.);
#1616=EDGE_CURVE('',#1254,#1267,#156,.T.);
#1617=EDGE_CURVE('',#1256,#1268,#157,.T.);
#1618=EDGE_CURVE('',#1269,#1270,#158,.T.);
#1619=EDGE_CURVE('',#1271,#1269,#746,.T.);
#1620=EDGE_CURVE('',#1272,#1271,#159,.T.);
#1621=EDGE_CURVE('',#1273,#1272,#747,.T.);
#1622=EDGE_CURVE('',#1274,#1273,#160,.T.);
#1623=EDGE_CURVE('',#1275,#1274,#748,.T.);
#1624=EDGE_CURVE('',#1276,#1275,#161,.T.);
#1625=EDGE_CURVE('',#1270,#1276,#749,.T.);
#1626=EDGE_CURVE('',#1272,#1277,#750,.T.);
#1627=EDGE_CURVE('',#1277,#1278,#751,.F.);
#1628=EDGE_CURVE('',#1273,#1278,#752,.T.);
#1629=EDGE_CURVE('',#1271,#1279,#753,.T.);
#1630=EDGE_CURVE('',#1279,#1277,#162,.F.);
#1631=EDGE_CURVE('',#1269,#1280,#754,.T.);
#1632=EDGE_CURVE('',#1280,#1279,#755,.F.);
#1633=EDGE_CURVE('',#1270,#1281,#756,.T.);
#1634=EDGE_CURVE('',#1281,#1280,#163,.F.);
#1635=EDGE_CURVE('',#1276,#1282,#757,.T.);
#1636=EDGE_CURVE('',#1282,#1281,#758,.F.);
#1637=EDGE_CURVE('',#1275,#1283,#759,.T.);
#1638=EDGE_CURVE('',#1283,#1282,#164,.F.);
#1639=EDGE_CURVE('',#1274,#1284,#760,.T.);
#1640=EDGE_CURVE('',#1284,#1283,#761,.F.);
#1641=EDGE_CURVE('',#1278,#1284,#165,.F.);
#1642=EDGE_CURVE('',#1221,#1285,#762,.T.);
#1643=EDGE_CURVE('',#1286,#1224,#166,.T.);
#1644=EDGE_CURVE('',#1287,#1286,#763,.T.);
#1645=EDGE_CURVE('',#1285,#1287,#167,.T.);
#1646=EDGE_CURVE('',#1285,#1217,#764,.T.);
#1647=EDGE_CURVE('',#1286,#1219,#765,.T.);
#1648=EDGE_CURVE('',#1287,#1218,#766,.T.);
#1649=ORIENTED_EDGE('',*,*,#1288,.F.);
#1650=ORIENTED_EDGE('',*,*,#1289,.F.);
#1651=ORIENTED_EDGE('',*,*,#1290,.F.);
#1652=ORIENTED_EDGE('',*,*,#1291,.T.);
#1653=ORIENTED_EDGE('',*,*,#1292,.F.);
#1654=ORIENTED_EDGE('',*,*,#1291,.F.);
#1655=ORIENTED_EDGE('',*,*,#1293,.F.);
#1656=ORIENTED_EDGE('',*,*,#1294,.T.);
#1657=ORIENTED_EDGE('',*,*,#1295,.F.);
#1658=ORIENTED_EDGE('',*,*,#1294,.F.);
#1659=ORIENTED_EDGE('',*,*,#1296,.F.);
#1660=ORIENTED_EDGE('',*,*,#1297,.T.);
#1661=ORIENTED_EDGE('',*,*,#1298,.F.);
#1662=ORIENTED_EDGE('',*,*,#1297,.F.);
#1663=ORIENTED_EDGE('',*,*,#1299,.F.);
#1664=ORIENTED_EDGE('',*,*,#1289,.T.);
#1665=ORIENTED_EDGE('',*,*,#1300,.F.);
#1666=ORIENTED_EDGE('',*,*,#1301,.F.);
#1667=ORIENTED_EDGE('',*,*,#1302,.F.);
#1668=ORIENTED_EDGE('',*,*,#1303,.T.);
#1669=ORIENTED_EDGE('',*,*,#1304,.F.);
#1670=ORIENTED_EDGE('',*,*,#1303,.F.);
#1671=ORIENTED_EDGE('',*,*,#1305,.F.);
#1672=ORIENTED_EDGE('',*,*,#1306,.T.);
#1673=ORIENTED_EDGE('',*,*,#1307,.F.);
#1674=ORIENTED_EDGE('',*,*,#1306,.F.);
#1675=ORIENTED_EDGE('',*,*,#1308,.F.);
#1676=ORIENTED_EDGE('',*,*,#1309,.T.);
#1677=ORIENTED_EDGE('',*,*,#1310,.F.);
#1678=ORIENTED_EDGE('',*,*,#1309,.F.);
#1679=ORIENTED_EDGE('',*,*,#1311,.F.);
#1680=ORIENTED_EDGE('',*,*,#1301,.T.);
#1681=ORIENTED_EDGE('',*,*,#1312,.F.);
#1682=ORIENTED_EDGE('',*,*,#1313,.F.);
#1683=ORIENTED_EDGE('',*,*,#1314,.F.);
#1684=ORIENTED_EDGE('',*,*,#1315,.T.);
#1685=ORIENTED_EDGE('',*,*,#1316,.F.);
#1686=ORIENTED_EDGE('',*,*,#1315,.F.);
#1687=ORIENTED_EDGE('',*,*,#1317,.F.);
#1688=ORIENTED_EDGE('',*,*,#1318,.T.);
#1689=ORIENTED_EDGE('',*,*,#1319,.F.);
#1690=ORIENTED_EDGE('',*,*,#1318,.F.);
#1691=ORIENTED_EDGE('',*,*,#1320,.F.);
#1692=ORIENTED_EDGE('',*,*,#1321,.T.);
#1693=ORIENTED_EDGE('',*,*,#1322,.F.);
#1694=ORIENTED_EDGE('',*,*,#1321,.F.);
#1695=ORIENTED_EDGE('',*,*,#1323,.F.);
#1696=ORIENTED_EDGE('',*,*,#1313,.T.);
#1697=ORIENTED_EDGE('',*,*,#1324,.F.);
#1698=ORIENTED_EDGE('',*,*,#1325,.F.);
#1699=ORIENTED_EDGE('',*,*,#1326,.F.);
#1700=ORIENTED_EDGE('',*,*,#1327,.T.);
#1701=ORIENTED_EDGE('',*,*,#1328,.F.);
#1702=ORIENTED_EDGE('',*,*,#1327,.F.);
#1703=ORIENTED_EDGE('',*,*,#1329,.F.);
#1704=ORIENTED_EDGE('',*,*,#1330,.T.);
#1705=ORIENTED_EDGE('',*,*,#1331,.F.);
#1706=ORIENTED_EDGE('',*,*,#1330,.F.);
#1707=ORIENTED_EDGE('',*,*,#1332,.F.);
#1708=ORIENTED_EDGE('',*,*,#1333,.T.);
#1709=ORIENTED_EDGE('',*,*,#1334,.F.);
#1710=ORIENTED_EDGE('',*,*,#1333,.F.);
#1711=ORIENTED_EDGE('',*,*,#1335,.F.);
#1712=ORIENTED_EDGE('',*,*,#1325,.T.);
#1713=ORIENTED_EDGE('',*,*,#1336,.F.);
#1714=ORIENTED_EDGE('',*,*,#1337,.F.);
#1715=ORIENTED_EDGE('',*,*,#1338,.F.);
#1716=ORIENTED_EDGE('',*,*,#1339,.T.);
#1717=ORIENTED_EDGE('',*,*,#1340,.F.);
#1718=ORIENTED_EDGE('',*,*,#1339,.F.);
#1719=ORIENTED_EDGE('',*,*,#1341,.F.);
#1720=ORIENTED_EDGE('',*,*,#1342,.T.);
#1721=ORIENTED_EDGE('',*,*,#1343,.F.);
#1722=ORIENTED_EDGE('',*,*,#1342,.F.);
#1723=ORIENTED_EDGE('',*,*,#1344,.F.);
#1724=ORIENTED_EDGE('',*,*,#1345,.T.);
#1725=ORIENTED_EDGE('',*,*,#1346,.F.);
#1726=ORIENTED_EDGE('',*,*,#1345,.F.);
#1727=ORIENTED_EDGE('',*,*,#1347,.F.);
#1728=ORIENTED_EDGE('',*,*,#1337,.T.);
#1729=ORIENTED_EDGE('',*,*,#1348,.F.);
#1730=ORIENTED_EDGE('',*,*,#1349,.F.);
#1731=ORIENTED_EDGE('',*,*,#1350,.F.);
#1732=ORIENTED_EDGE('',*,*,#1351,.T.);
#1733=ORIENTED_EDGE('',*,*,#1352,.F.);
#1734=ORIENTED_EDGE('',*,*,#1351,.F.);
#1735=ORIENTED_EDGE('',*,*,#1353,.F.);
#1736=ORIENTED_EDGE('',*,*,#1354,.T.);
#1737=ORIENTED_EDGE('',*,*,#1355,.F.);
#1738=ORIENTED_EDGE('',*,*,#1354,.F.);
#1739=ORIENTED_EDGE('',*,*,#1356,.F.);
#1740=ORIENTED_EDGE('',*,*,#1357,.T.);
#1741=ORIENTED_EDGE('',*,*,#1358,.F.);
#1742=ORIENTED_EDGE('',*,*,#1357,.F.);
#1743=ORIENTED_EDGE('',*,*,#1359,.F.);
#1744=ORIENTED_EDGE('',*,*,#1349,.T.);
#1745=ORIENTED_EDGE('',*,*,#1360,.F.);
#1746=ORIENTED_EDGE('',*,*,#1361,.F.);
#1747=ORIENTED_EDGE('',*,*,#1362,.F.);
#1748=ORIENTED_EDGE('',*,*,#1363,.T.);
#1749=ORIENTED_EDGE('',*,*,#1364,.F.);
#1750=ORIENTED_EDGE('',*,*,#1363,.F.);
#1751=ORIENTED_EDGE('',*,*,#1365,.F.);
#1752=ORIENTED_EDGE('',*,*,#1366,.T.);
#1753=ORIENTED_EDGE('',*,*,#1367,.F.);
#1754=ORIENTED_EDGE('',*,*,#1366,.F.);
#1755=ORIENTED_EDGE('',*,*,#1368,.F.);
#1756=ORIENTED_EDGE('',*,*,#1369,.T.);
#1757=ORIENTED_EDGE('',*,*,#1370,.F.);
#1758=ORIENTED_EDGE('',*,*,#1369,.F.);
#1759=ORIENTED_EDGE('',*,*,#1371,.F.);
#1760=ORIENTED_EDGE('',*,*,#1361,.T.);
#1761=ORIENTED_EDGE('',*,*,#1372,.T.);
#1762=ORIENTED_EDGE('',*,*,#1373,.T.);
#1763=ORIENTED_EDGE('',*,*,#1374,.T.);
#1764=ORIENTED_EDGE('',*,*,#1375,.T.);
#1765=ORIENTED_EDGE('',*,*,#1376,.T.);
#1766=ORIENTED_EDGE('',*,*,#1377,.T.);
#1767=ORIENTED_EDGE('',*,*,#1372,.F.);
#1768=ORIENTED_EDGE('',*,*,#1378,.T.);
#1769=ORIENTED_EDGE('',*,*,#1379,.T.);
#1770=ORIENTED_EDGE('',*,*,#1380,.T.);
#1771=ORIENTED_EDGE('',*,*,#1376,.F.);
#1772=ORIENTED_EDGE('',*,*,#1381,.T.);
#1773=ORIENTED_EDGE('',*,*,#1382,.T.);
#1774=ORIENTED_EDGE('',*,*,#1383,.T.);
#1775=ORIENTED_EDGE('',*,*,#1379,.F.);
#1776=ORIENTED_EDGE('',*,*,#1384,.T.);
#1777=ORIENTED_EDGE('',*,*,#1385,.T.);
#1778=ORIENTED_EDGE('',*,*,#1386,.T.);
#1779=ORIENTED_EDGE('',*,*,#1382,.F.);
#1780=ORIENTED_EDGE('',*,*,#1387,.T.);
#1781=ORIENTED_EDGE('',*,*,#1388,.T.);
#1782=ORIENTED_EDGE('',*,*,#1389,.T.);
#1783=ORIENTED_EDGE('',*,*,#1385,.F.);
#1784=ORIENTED_EDGE('',*,*,#1390,.T.);
#1785=ORIENTED_EDGE('',*,*,#1391,.T.);
#1786=ORIENTED_EDGE('',*,*,#1392,.T.);
#1787=ORIENTED_EDGE('',*,*,#1388,.F.);
#1788=ORIENTED_EDGE('',*,*,#1393,.T.);
#1789=ORIENTED_EDGE('',*,*,#1374,.F.);
#1790=ORIENTED_EDGE('',*,*,#1394,.T.);
#1791=ORIENTED_EDGE('',*,*,#1391,.F.);
#1792=ORIENTED_EDGE('',*,*,#1395,.T.);
#1793=ORIENTED_EDGE('',*,*,#1384,.F.);
#1794=ORIENTED_EDGE('',*,*,#1396,.F.);
#1795=ORIENTED_EDGE('',*,*,#1397,.F.);
#1796=ORIENTED_EDGE('',*,*,#1398,.T.);
#1797=ORIENTED_EDGE('',*,*,#1381,.F.);
#1798=ORIENTED_EDGE('',*,*,#1399,.F.);
#1799=ORIENTED_EDGE('',*,*,#1400,.F.);
#1800=ORIENTED_EDGE('',*,*,#1396,.T.);
#1801=ORIENTED_EDGE('',*,*,#1378,.F.);
#1802=ORIENTED_EDGE('',*,*,#1401,.F.);
#1803=ORIENTED_EDGE('',*,*,#1402,.F.);
#1804=ORIENTED_EDGE('',*,*,#1399,.T.);
#1805=ORIENTED_EDGE('',*,*,#1375,.F.);
#1806=ORIENTED_EDGE('',*,*,#1403,.F.);
#1807=ORIENTED_EDGE('',*,*,#1404,.F.);
#1808=ORIENTED_EDGE('',*,*,#1401,.T.);
#1809=ORIENTED_EDGE('',*,*,#1373,.F.);
#1810=ORIENTED_EDGE('',*,*,#1377,.F.);
#1811=ORIENTED_EDGE('',*,*,#1380,.F.);
#1812=ORIENTED_EDGE('',*,*,#1383,.F.);
#1813=ORIENTED_EDGE('',*,*,#1386,.F.);
#1814=ORIENTED_EDGE('',*,*,#1389,.F.);
#1815=ORIENTED_EDGE('',*,*,#1392,.F.);
#1816=ORIENTED_EDGE('',*,*,#1394,.F.);
#1817=ORIENTED_EDGE('',*,*,#1405,.T.);
#1818=ORIENTED_EDGE('',*,*,#1406,.T.);
#1819=ORIENTED_EDGE('',*,*,#1407,.T.);
#1820=ORIENTED_EDGE('',*,*,#1408,.T.);
#1821=ORIENTED_EDGE('',*,*,#1409,.T.);
#1822=ORIENTED_EDGE('',*,*,#1410,.T.);
#1823=ORIENTED_EDGE('',*,*,#1411,.T.);
#1824=ORIENTED_EDGE('',*,*,#1412,.T.);
#1825=ORIENTED_EDGE('',*,*,#1395,.F.);
#1826=ORIENTED_EDGE('',*,*,#1413,.F.);
#1827=ORIENTED_EDGE('',*,*,#1414,.F.);
#1828=ORIENTED_EDGE('',*,*,#1403,.T.);
#1829=ORIENTED_EDGE('',*,*,#1393,.F.);
#1830=ORIENTED_EDGE('',*,*,#1415,.F.);
#1831=ORIENTED_EDGE('',*,*,#1416,.F.);
#1832=ORIENTED_EDGE('',*,*,#1413,.T.);
#1833=ORIENTED_EDGE('',*,*,#1390,.F.);
#1834=ORIENTED_EDGE('',*,*,#1417,.F.);
#1835=ORIENTED_EDGE('',*,*,#1418,.F.);
#1836=ORIENTED_EDGE('',*,*,#1415,.T.);
#1837=ORIENTED_EDGE('',*,*,#1387,.F.);
#1838=ORIENTED_EDGE('',*,*,#1398,.F.);
#1839=ORIENTED_EDGE('',*,*,#1419,.F.);
#1840=ORIENTED_EDGE('',*,*,#1417,.T.);
#1841=ORIENTED_EDGE('',*,*,#1420,.T.);
#1842=ORIENTED_EDGE('',*,*,#1421,.T.);
#1843=ORIENTED_EDGE('',*,*,#1422,.T.);
#1844=ORIENTED_EDGE('',*,*,#1423,.T.);
#1845=ORIENTED_EDGE('',*,*,#1424,.T.);
#1846=ORIENTED_EDGE('',*,*,#1425,.T.);
#1847=ORIENTED_EDGE('',*,*,#1426,.T.);
#1848=ORIENTED_EDGE('',*,*,#1427,.T.);
#1849=ORIENTED_EDGE('',*,*,#1428,.F.);
#1850=ORIENTED_EDGE('',*,*,#1423,.F.);
#1851=ORIENTED_EDGE('',*,*,#1429,.T.);
#1852=ORIENTED_EDGE('',*,*,#1412,.F.);
#1853=ORIENTED_EDGE('',*,*,#1367,.T.);
#1854=ORIENTED_EDGE('',*,*,#1370,.T.);
#1855=ORIENTED_EDGE('',*,*,#1360,.T.);
#1856=ORIENTED_EDGE('',*,*,#1364,.T.);
#1857=ORIENTED_EDGE('',*,*,#1430,.F.);
#1858=ORIENTED_EDGE('',*,*,#1424,.F.);
#1859=ORIENTED_EDGE('',*,*,#1428,.T.);
#1860=ORIENTED_EDGE('',*,*,#1411,.F.);
#1861=ORIENTED_EDGE('',*,*,#1431,.F.);
#1862=ORIENTED_EDGE('',*,*,#1425,.F.);
#1863=ORIENTED_EDGE('',*,*,#1430,.T.);
#1864=ORIENTED_EDGE('',*,*,#1410,.F.);
#1865=ORIENTED_EDGE('',*,*,#1331,.T.);
#1866=ORIENTED_EDGE('',*,*,#1334,.T.);
#1867=ORIENTED_EDGE('',*,*,#1324,.T.);
#1868=ORIENTED_EDGE('',*,*,#1328,.T.);
#1869=ORIENTED_EDGE('',*,*,#1343,.T.);
#1870=ORIENTED_EDGE('',*,*,#1346,.T.);
#1871=ORIENTED_EDGE('',*,*,#1336,.T.);
#1872=ORIENTED_EDGE('',*,*,#1340,.T.);
#1873=ORIENTED_EDGE('',*,*,#1355,.T.);
#1874=ORIENTED_EDGE('',*,*,#1358,.T.);
#1875=ORIENTED_EDGE('',*,*,#1348,.T.);
#1876=ORIENTED_EDGE('',*,*,#1352,.T.);
#1877=ORIENTED_EDGE('',*,*,#1432,.F.);
#1878=ORIENTED_EDGE('',*,*,#1426,.F.);
#1879=ORIENTED_EDGE('',*,*,#1431,.T.);
#1880=ORIENTED_EDGE('',*,*,#1409,.F.);
#1881=ORIENTED_EDGE('',*,*,#1433,.F.);
#1882=ORIENTED_EDGE('',*,*,#1427,.F.);
#1883=ORIENTED_EDGE('',*,*,#1432,.T.);
#1884=ORIENTED_EDGE('',*,*,#1408,.F.);
#1885=ORIENTED_EDGE('',*,*,#1434,.F.);
#1886=ORIENTED_EDGE('',*,*,#1420,.F.);
#1887=ORIENTED_EDGE('',*,*,#1433,.T.);
#1888=ORIENTED_EDGE('',*,*,#1407,.F.);
#1889=ORIENTED_EDGE('',*,*,#1435,.F.);
#1890=ORIENTED_EDGE('',*,*,#1421,.F.);
#1891=ORIENTED_EDGE('',*,*,#1434,.T.);
#1892=ORIENTED_EDGE('',*,*,#1406,.F.);
#1893=ORIENTED_EDGE('',*,*,#1295,.T.);
#1894=ORIENTED_EDGE('',*,*,#1298,.T.);
#1895=ORIENTED_EDGE('',*,*,#1288,.T.);
#1896=ORIENTED_EDGE('',*,*,#1292,.T.);
#1897=ORIENTED_EDGE('',*,*,#1307,.T.);
#1898=ORIENTED_EDGE('',*,*,#1310,.T.);
#1899=ORIENTED_EDGE('',*,*,#1300,.T.);
#1900=ORIENTED_EDGE('',*,*,#1304,.T.);
#1901=ORIENTED_EDGE('',*,*,#1319,.T.);
#1902=ORIENTED_EDGE('',*,*,#1322,.T.);
#1903=ORIENTED_EDGE('',*,*,#1312,.T.);
#1904=ORIENTED_EDGE('',*,*,#1316,.T.);
#1905=ORIENTED_EDGE('',*,*,#1429,.F.);
#1906=ORIENTED_EDGE('',*,*,#1422,.F.);
#1907=ORIENTED_EDGE('',*,*,#1435,.T.);
#1908=ORIENTED_EDGE('',*,*,#1405,.F.);
#1909=ORIENTED_EDGE('',*,*,#1436,.F.);
#1910=ORIENTED_EDGE('',*,*,#1437,.F.);
#1911=ORIENTED_EDGE('',*,*,#1438,.F.);
#1912=ORIENTED_EDGE('',*,*,#1439,.F.);
#1913=ORIENTED_EDGE('',*,*,#1440,.F.);
#1914=ORIENTED_EDGE('',*,*,#1441,.F.);
#1915=ORIENTED_EDGE('',*,*,#1442,.F.);
#1916=ORIENTED_EDGE('',*,*,#1443,.F.);
#1917=ORIENTED_EDGE('',*,*,#1444,.F.);
#1918=ORIENTED_EDGE('',*,*,#1445,.F.);
#1919=ORIENTED_EDGE('',*,*,#1441,.T.);
#1920=ORIENTED_EDGE('',*,*,#1446,.T.);
#1921=ORIENTED_EDGE('',*,*,#1368,.T.);
#1922=ORIENTED_EDGE('',*,*,#1365,.T.);
#1923=ORIENTED_EDGE('',*,*,#1362,.T.);
#1924=ORIENTED_EDGE('',*,*,#1371,.T.);
#1925=ORIENTED_EDGE('',*,*,#1447,.F.);
#1926=ORIENTED_EDGE('',*,*,#1446,.F.);
#1927=ORIENTED_EDGE('',*,*,#1440,.T.);
#1928=ORIENTED_EDGE('',*,*,#1448,.T.);
#1929=ORIENTED_EDGE('',*,*,#1449,.F.);
#1930=ORIENTED_EDGE('',*,*,#1448,.F.);
#1931=ORIENTED_EDGE('',*,*,#1439,.T.);
#1932=ORIENTED_EDGE('',*,*,#1450,.T.);
#1933=ORIENTED_EDGE('',*,*,#1332,.T.);
#1934=ORIENTED_EDGE('',*,*,#1329,.T.);
#1935=ORIENTED_EDGE('',*,*,#1326,.T.);
#1936=ORIENTED_EDGE('',*,*,#1335,.T.);
#1937=ORIENTED_EDGE('',*,*,#1344,.T.);
#1938=ORIENTED_EDGE('',*,*,#1341,.T.);
#1939=ORIENTED_EDGE('',*,*,#1338,.T.);
#1940=ORIENTED_EDGE('',*,*,#1347,.T.);
#1941=ORIENTED_EDGE('',*,*,#1356,.T.);
#1942=ORIENTED_EDGE('',*,*,#1353,.T.);
#1943=ORIENTED_EDGE('',*,*,#1350,.T.);
#1944=ORIENTED_EDGE('',*,*,#1359,.T.);
#1945=ORIENTED_EDGE('',*,*,#1451,.F.);
#1946=ORIENTED_EDGE('',*,*,#1450,.F.);
#1947=ORIENTED_EDGE('',*,*,#1438,.T.);
#1948=ORIENTED_EDGE('',*,*,#1452,.T.);
#1949=ORIENTED_EDGE('',*,*,#1453,.F.);
#1950=ORIENTED_EDGE('',*,*,#1452,.F.);
#1951=ORIENTED_EDGE('',*,*,#1437,.T.);
#1952=ORIENTED_EDGE('',*,*,#1454,.T.);
#1953=ORIENTED_EDGE('',*,*,#1455,.F.);
#1954=ORIENTED_EDGE('',*,*,#1454,.F.);
#1955=ORIENTED_EDGE('',*,*,#1436,.T.);
#1956=ORIENTED_EDGE('',*,*,#1456,.T.);
#1957=ORIENTED_EDGE('',*,*,#1457,.F.);
#1958=ORIENTED_EDGE('',*,*,#1456,.F.);
#1959=ORIENTED_EDGE('',*,*,#1443,.T.);
#1960=ORIENTED_EDGE('',*,*,#1458,.T.);
#1961=ORIENTED_EDGE('',*,*,#1296,.T.);
#1962=ORIENTED_EDGE('',*,*,#1293,.T.);
#1963=ORIENTED_EDGE('',*,*,#1290,.T.);
#1964=ORIENTED_EDGE('',*,*,#1299,.T.);
#1965=ORIENTED_EDGE('',*,*,#1308,.T.);
#1966=ORIENTED_EDGE('',*,*,#1305,.T.);
#1967=ORIENTED_EDGE('',*,*,#1302,.T.);
#1968=ORIENTED_EDGE('',*,*,#1311,.T.);
#1969=ORIENTED_EDGE('',*,*,#1320,.T.);
#1970=ORIENTED_EDGE('',*,*,#1317,.T.);
#1971=ORIENTED_EDGE('',*,*,#1314,.T.);
#1972=ORIENTED_EDGE('',*,*,#1323,.T.);
#1973=ORIENTED_EDGE('',*,*,#1459,.F.);
#1974=ORIENTED_EDGE('',*,*,#1458,.F.);
#1975=ORIENTED_EDGE('',*,*,#1442,.T.);
#1976=ORIENTED_EDGE('',*,*,#1445,.T.);
#1977=ORIENTED_EDGE('',*,*,#1453,.T.);
#1978=ORIENTED_EDGE('',*,*,#1455,.T.);
#1979=ORIENTED_EDGE('',*,*,#1457,.T.);
#1980=ORIENTED_EDGE('',*,*,#1459,.T.);
#1981=ORIENTED_EDGE('',*,*,#1444,.T.);
#1982=ORIENTED_EDGE('',*,*,#1447,.T.);
#1983=ORIENTED_EDGE('',*,*,#1449,.T.);
#1984=ORIENTED_EDGE('',*,*,#1451,.T.);
#1985=ORIENTED_EDGE('',*,*,#1404,.T.);
#1986=ORIENTED_EDGE('',*,*,#1414,.T.);
#1987=ORIENTED_EDGE('',*,*,#1416,.T.);
#1988=ORIENTED_EDGE('',*,*,#1418,.T.);
#1989=ORIENTED_EDGE('',*,*,#1419,.T.);
#1990=ORIENTED_EDGE('',*,*,#1397,.T.);
#1991=ORIENTED_EDGE('',*,*,#1400,.T.);
#1992=ORIENTED_EDGE('',*,*,#1402,.T.);
#1993=ORIENTED_EDGE('',*,*,#1460,.T.);
#1994=ORIENTED_EDGE('',*,*,#1461,.T.);
#1995=ORIENTED_EDGE('',*,*,#1462,.T.);
#1996=ORIENTED_EDGE('',*,*,#1463,.F.);
#1997=ORIENTED_EDGE('',*,*,#1464,.T.);
#1998=ORIENTED_EDGE('',*,*,#1465,.T.);
#1999=ORIENTED_EDGE('',*,*,#1466,.T.);
#2000=ORIENTED_EDGE('',*,*,#1461,.F.);
#2001=ORIENTED_EDGE('',*,*,#1467,.T.);
#2002=ORIENTED_EDGE('',*,*,#1468,.T.);
#2003=ORIENTED_EDGE('',*,*,#1469,.T.);
#2004=ORIENTED_EDGE('',*,*,#1463,.T.);
#2005=ORIENTED_EDGE('',*,*,#1470,.T.);
#2006=ORIENTED_EDGE('',*,*,#1468,.F.);
#2007=ORIENTED_EDGE('',*,*,#1471,.T.);
#2008=ORIENTED_EDGE('',*,*,#1465,.F.);
#2009=ORIENTED_EDGE('',*,*,#1467,.F.);
#2010=ORIENTED_EDGE('',*,*,#1472,.T.);
#2011=ORIENTED_EDGE('',*,*,#1473,.F.);
#2012=ORIENTED_EDGE('',*,*,#1474,.F.);
#2013=ORIENTED_EDGE('',*,*,#1462,.F.);
#2014=ORIENTED_EDGE('',*,*,#1475,.T.);
#2015=ORIENTED_EDGE('',*,*,#1476,.F.);
#2016=ORIENTED_EDGE('',*,*,#1472,.F.);
#2017=ORIENTED_EDGE('',*,*,#1477,.F.);
#2018=ORIENTED_EDGE('',*,*,#1478,.F.);
#2019=ORIENTED_EDGE('',*,*,#1479,.F.);
#2020=ORIENTED_EDGE('',*,*,#1480,.F.);
#2021=ORIENTED_EDGE('',*,*,#1481,.F.);
#2022=ORIENTED_EDGE('',*,*,#1482,.F.);
#2023=ORIENTED_EDGE('',*,*,#1483,.F.);
#2024=ORIENTED_EDGE('',*,*,#1484,.F.);
#2025=ORIENTED_EDGE('',*,*,#1485,.T.);
#2026=ORIENTED_EDGE('',*,*,#1486,.T.);
#2027=ORIENTED_EDGE('',*,*,#1487,.T.);
#2028=ORIENTED_EDGE('',*,*,#1488,.T.);
#2029=ORIENTED_EDGE('',*,*,#1489,.T.);
#2030=ORIENTED_EDGE('',*,*,#1490,.T.);
#2031=ORIENTED_EDGE('',*,*,#1491,.T.);
#2032=ORIENTED_EDGE('',*,*,#1492,.T.);
#2033=ORIENTED_EDGE('',*,*,#1493,.T.);
#2034=ORIENTED_EDGE('',*,*,#1494,.T.);
#2035=ORIENTED_EDGE('',*,*,#1495,.T.);
#2036=ORIENTED_EDGE('',*,*,#1496,.T.);
#2037=ORIENTED_EDGE('',*,*,#1497,.T.);
#2038=ORIENTED_EDGE('',*,*,#1498,.T.);
#2039=ORIENTED_EDGE('',*,*,#1499,.T.);
#2040=ORIENTED_EDGE('',*,*,#1500,.T.);
#2041=ORIENTED_EDGE('',*,*,#1501,.T.);
#2042=ORIENTED_EDGE('',*,*,#1502,.T.);
#2043=ORIENTED_EDGE('',*,*,#1503,.T.);
#2044=ORIENTED_EDGE('',*,*,#1504,.T.);
#2045=ORIENTED_EDGE('',*,*,#1505,.T.);
#2046=ORIENTED_EDGE('',*,*,#1506,.T.);
#2047=ORIENTED_EDGE('',*,*,#1507,.T.);
#2048=ORIENTED_EDGE('',*,*,#1508,.T.);
#2049=ORIENTED_EDGE('',*,*,#1509,.T.);
#2050=ORIENTED_EDGE('',*,*,#1510,.T.);
#2051=ORIENTED_EDGE('',*,*,#1511,.T.);
#2052=ORIENTED_EDGE('',*,*,#1460,.F.);
#2053=ORIENTED_EDGE('',*,*,#1469,.F.);
#2054=ORIENTED_EDGE('',*,*,#1470,.F.);
#2055=ORIENTED_EDGE('',*,*,#1464,.F.);
#2056=ORIENTED_EDGE('',*,*,#1512,.T.);
#2057=ORIENTED_EDGE('',*,*,#1513,.T.);
#2058=ORIENTED_EDGE('',*,*,#1514,.T.);
#2059=ORIENTED_EDGE('',*,*,#1477,.T.);
#2060=ORIENTED_EDGE('',*,*,#1515,.T.);
#2061=ORIENTED_EDGE('',*,*,#1478,.T.);
#2062=ORIENTED_EDGE('',*,*,#1514,.F.);
#2063=ORIENTED_EDGE('',*,*,#1516,.T.);
#2064=ORIENTED_EDGE('',*,*,#1517,.T.);
#2065=ORIENTED_EDGE('',*,*,#1479,.T.);
#2066=ORIENTED_EDGE('',*,*,#1515,.F.);
#2067=ORIENTED_EDGE('',*,*,#1518,.T.);
#2068=ORIENTED_EDGE('',*,*,#1519,.T.);
#2069=ORIENTED_EDGE('',*,*,#1480,.T.);
#2070=ORIENTED_EDGE('',*,*,#1517,.F.);
#2071=ORIENTED_EDGE('',*,*,#1520,.T.);
#2072=ORIENTED_EDGE('',*,*,#1521,.T.);
#2073=ORIENTED_EDGE('',*,*,#1481,.T.);
#2074=ORIENTED_EDGE('',*,*,#1519,.F.);
#2075=ORIENTED_EDGE('',*,*,#1522,.T.);
#2076=ORIENTED_EDGE('',*,*,#1523,.T.);
#2077=ORIENTED_EDGE('',*,*,#1482,.T.);
#2078=ORIENTED_EDGE('',*,*,#1521,.F.);
#2079=ORIENTED_EDGE('',*,*,#1524,.T.);
#2080=ORIENTED_EDGE('',*,*,#1525,.T.);
#2081=ORIENTED_EDGE('',*,*,#1483,.T.);
#2082=ORIENTED_EDGE('',*,*,#1523,.F.);
#2083=ORIENTED_EDGE('',*,*,#1526,.T.);
#2084=ORIENTED_EDGE('',*,*,#1512,.F.);
#2085=ORIENTED_EDGE('',*,*,#1484,.T.);
#2086=ORIENTED_EDGE('',*,*,#1525,.F.);
#2087=ORIENTED_EDGE('',*,*,#1527,.T.);
#2088=ORIENTED_EDGE('',*,*,#1520,.F.);
#2089=ORIENTED_EDGE('',*,*,#1528,.F.);
#2090=ORIENTED_EDGE('',*,*,#1529,.T.);
#2091=ORIENTED_EDGE('',*,*,#1530,.T.);
#2092=ORIENTED_EDGE('',*,*,#1518,.F.);
#2093=ORIENTED_EDGE('',*,*,#1531,.F.);
#2094=ORIENTED_EDGE('',*,*,#1532,.T.);
#2095=ORIENTED_EDGE('',*,*,#1528,.T.);
#2096=ORIENTED_EDGE('',*,*,#1516,.F.);
#2097=ORIENTED_EDGE('',*,*,#1533,.F.);
#2098=ORIENTED_EDGE('',*,*,#1534,.T.);
#2099=ORIENTED_EDGE('',*,*,#1531,.T.);
#2100=ORIENTED_EDGE('',*,*,#1513,.F.);
#2101=ORIENTED_EDGE('',*,*,#1535,.F.);
#2102=ORIENTED_EDGE('',*,*,#1536,.T.);
#2103=ORIENTED_EDGE('',*,*,#1533,.T.);
#2104=ORIENTED_EDGE('',*,*,#1537,.F.);
#2105=ORIENTED_EDGE('',*,*,#1538,.F.);
#2106=ORIENTED_EDGE('',*,*,#1510,.F.);
#2107=ORIENTED_EDGE('',*,*,#1539,.T.);
#2108=ORIENTED_EDGE('',*,*,#1540,.F.);
#2109=ORIENTED_EDGE('',*,*,#1539,.F.);
#2110=ORIENTED_EDGE('',*,*,#1509,.F.);
#2111=ORIENTED_EDGE('',*,*,#1541,.T.);
#2112=ORIENTED_EDGE('',*,*,#1542,.F.);
#2113=ORIENTED_EDGE('',*,*,#1541,.F.);
#2114=ORIENTED_EDGE('',*,*,#1508,.F.);
#2115=ORIENTED_EDGE('',*,*,#1543,.T.);
#2116=ORIENTED_EDGE('',*,*,#1544,.F.);
#2117=ORIENTED_EDGE('',*,*,#1543,.F.);
#2118=ORIENTED_EDGE('',*,*,#1511,.F.);
#2119=ORIENTED_EDGE('',*,*,#1538,.T.);
#2120=ORIENTED_EDGE('',*,*,#1545,.F.);
#2121=ORIENTED_EDGE('',*,*,#1546,.F.);
#2122=ORIENTED_EDGE('',*,*,#1506,.F.);
#2123=ORIENTED_EDGE('',*,*,#1547,.T.);
#2124=ORIENTED_EDGE('',*,*,#1548,.F.);
#2125=ORIENTED_EDGE('',*,*,#1547,.F.);
#2126=ORIENTED_EDGE('',*,*,#1505,.F.);
#2127=ORIENTED_EDGE('',*,*,#1549,.T.);
#2128=ORIENTED_EDGE('',*,*,#1550,.F.);
#2129=ORIENTED_EDGE('',*,*,#1549,.F.);
#2130=ORIENTED_EDGE('',*,*,#1504,.F.);
#2131=ORIENTED_EDGE('',*,*,#1551,.T.);
#2132=ORIENTED_EDGE('',*,*,#1552,.F.);
#2133=ORIENTED_EDGE('',*,*,#1551,.F.);
#2134=ORIENTED_EDGE('',*,*,#1507,.F.);
#2135=ORIENTED_EDGE('',*,*,#1546,.T.);
#2136=ORIENTED_EDGE('',*,*,#1553,.F.);
#2137=ORIENTED_EDGE('',*,*,#1554,.F.);
#2138=ORIENTED_EDGE('',*,*,#1502,.F.);
#2139=ORIENTED_EDGE('',*,*,#1555,.T.);
#2140=ORIENTED_EDGE('',*,*,#1556,.F.);
#2141=ORIENTED_EDGE('',*,*,#1555,.F.);
#2142=ORIENTED_EDGE('',*,*,#1501,.F.);
#2143=ORIENTED_EDGE('',*,*,#1557,.T.);
#2144=ORIENTED_EDGE('',*,*,#1558,.F.);
#2145=ORIENTED_EDGE('',*,*,#1557,.F.);
#2146=ORIENTED_EDGE('',*,*,#1500,.F.);
#2147=ORIENTED_EDGE('',*,*,#1559,.T.);
#2148=ORIENTED_EDGE('',*,*,#1560,.F.);
#2149=ORIENTED_EDGE('',*,*,#1559,.F.);
#2150=ORIENTED_EDGE('',*,*,#1503,.F.);
#2151=ORIENTED_EDGE('',*,*,#1554,.T.);
#2152=ORIENTED_EDGE('',*,*,#1561,.F.);
#2153=ORIENTED_EDGE('',*,*,#1562,.F.);
#2154=ORIENTED_EDGE('',*,*,#1498,.F.);
#2155=ORIENTED_EDGE('',*,*,#1563,.T.);
#2156=ORIENTED_EDGE('',*,*,#1564,.F.);
#2157=ORIENTED_EDGE('',*,*,#1563,.F.);
#2158=ORIENTED_EDGE('',*,*,#1497,.F.);
#2159=ORIENTED_EDGE('',*,*,#1565,.T.);
#2160=ORIENTED_EDGE('',*,*,#1566,.F.);
#2161=ORIENTED_EDGE('',*,*,#1565,.F.);
#2162=ORIENTED_EDGE('',*,*,#1496,.F.);
#2163=ORIENTED_EDGE('',*,*,#1567,.T.);
#2164=ORIENTED_EDGE('',*,*,#1568,.F.);
#2165=ORIENTED_EDGE('',*,*,#1567,.F.);
#2166=ORIENTED_EDGE('',*,*,#1499,.F.);
#2167=ORIENTED_EDGE('',*,*,#1562,.T.);
#2168=ORIENTED_EDGE('',*,*,#1569,.F.);
#2169=ORIENTED_EDGE('',*,*,#1570,.F.);
#2170=ORIENTED_EDGE('',*,*,#1494,.F.);
#2171=ORIENTED_EDGE('',*,*,#1571,.T.);
#2172=ORIENTED_EDGE('',*,*,#1572,.F.);
#2173=ORIENTED_EDGE('',*,*,#1571,.F.);
#2174=ORIENTED_EDGE('',*,*,#1493,.F.);
#2175=ORIENTED_EDGE('',*,*,#1573,.T.);
#2176=ORIENTED_EDGE('',*,*,#1574,.F.);
#2177=ORIENTED_EDGE('',*,*,#1573,.F.);
#2178=ORIENTED_EDGE('',*,*,#1492,.F.);
#2179=ORIENTED_EDGE('',*,*,#1575,.T.);
#2180=ORIENTED_EDGE('',*,*,#1576,.F.);
#2181=ORIENTED_EDGE('',*,*,#1575,.F.);
#2182=ORIENTED_EDGE('',*,*,#1495,.F.);
#2183=ORIENTED_EDGE('',*,*,#1570,.T.);
#2184=ORIENTED_EDGE('',*,*,#1577,.F.);
#2185=ORIENTED_EDGE('',*,*,#1578,.F.);
#2186=ORIENTED_EDGE('',*,*,#1490,.F.);
#2187=ORIENTED_EDGE('',*,*,#1579,.T.);
#2188=ORIENTED_EDGE('',*,*,#1580,.F.);
#2189=ORIENTED_EDGE('',*,*,#1579,.F.);
#2190=ORIENTED_EDGE('',*,*,#1489,.F.);
#2191=ORIENTED_EDGE('',*,*,#1581,.T.);
#2192=ORIENTED_EDGE('',*,*,#1582,.F.);
#2193=ORIENTED_EDGE('',*,*,#1581,.F.);
#2194=ORIENTED_EDGE('',*,*,#1488,.F.);
#2195=ORIENTED_EDGE('',*,*,#1583,.T.);
#2196=ORIENTED_EDGE('',*,*,#1584,.F.);
#2197=ORIENTED_EDGE('',*,*,#1583,.F.);
#2198=ORIENTED_EDGE('',*,*,#1491,.F.);
#2199=ORIENTED_EDGE('',*,*,#1578,.T.);
#2200=ORIENTED_EDGE('',*,*,#1487,.F.);
#2201=ORIENTED_EDGE('',*,*,#1585,.T.);
#2202=ORIENTED_EDGE('',*,*,#1586,.F.);
#2203=ORIENTED_EDGE('',*,*,#1585,.F.);
#2204=ORIENTED_EDGE('',*,*,#1466,.F.);
#2205=ORIENTED_EDGE('',*,*,#1587,.T.);
#2206=ORIENTED_EDGE('',*,*,#1588,.F.);
#2207=ORIENTED_EDGE('',*,*,#1475,.F.);
#2208=ORIENTED_EDGE('',*,*,#1471,.F.);
#2209=ORIENTED_EDGE('',*,*,#1474,.T.);
#2210=ORIENTED_EDGE('',*,*,#1589,.F.);
#2211=ORIENTED_EDGE('',*,*,#1587,.F.);
#2212=ORIENTED_EDGE('',*,*,#1486,.F.);
#2213=ORIENTED_EDGE('',*,*,#1590,.T.);
#2214=ORIENTED_EDGE('',*,*,#1591,.F.);
#2215=ORIENTED_EDGE('',*,*,#1590,.F.);
#2216=ORIENTED_EDGE('',*,*,#1485,.F.);
#2217=ORIENTED_EDGE('',*,*,#1592,.T.);
#2218=ORIENTED_EDGE('',*,*,#1593,.F.);
#2219=ORIENTED_EDGE('',*,*,#1592,.F.);
#2220=ORIENTED_EDGE('',*,*,#1594,.F.);
#2221=ORIENTED_EDGE('',*,*,#1595,.T.);
#2222=ORIENTED_EDGE('',*,*,#1596,.T.);
#2223=ORIENTED_EDGE('',*,*,#1597,.F.);
#2224=ORIENTED_EDGE('',*,*,#1598,.F.);
#2225=ORIENTED_EDGE('',*,*,#1599,.T.);
#2226=ORIENTED_EDGE('',*,*,#1600,.T.);
#2227=ORIENTED_EDGE('',*,*,#1595,.F.);
#2228=ORIENTED_EDGE('',*,*,#1601,.F.);
#2229=ORIENTED_EDGE('',*,*,#1602,.T.);
#2230=ORIENTED_EDGE('',*,*,#1603,.T.);
#2231=ORIENTED_EDGE('',*,*,#1599,.F.);
#2232=ORIENTED_EDGE('',*,*,#1604,.F.);
#2233=ORIENTED_EDGE('',*,*,#1605,.T.);
#2234=ORIENTED_EDGE('',*,*,#1606,.T.);
#2235=ORIENTED_EDGE('',*,*,#1602,.F.);
#2236=ORIENTED_EDGE('',*,*,#1607,.F.);
#2237=ORIENTED_EDGE('',*,*,#1608,.T.);
#2238=ORIENTED_EDGE('',*,*,#1609,.T.);
#2239=ORIENTED_EDGE('',*,*,#1605,.F.);
#2240=ORIENTED_EDGE('',*,*,#1610,.F.);
#2241=ORIENTED_EDGE('',*,*,#1611,.T.);
#2242=ORIENTED_EDGE('',*,*,#1612,.T.);
#2243=ORIENTED_EDGE('',*,*,#1608,.F.);
#2244=ORIENTED_EDGE('',*,*,#1613,.F.);
#2245=ORIENTED_EDGE('',*,*,#1614,.T.);
#2246=ORIENTED_EDGE('',*,*,#1615,.T.);
#2247=ORIENTED_EDGE('',*,*,#1611,.F.);
#2248=ORIENTED_EDGE('',*,*,#1616,.F.);
#2249=ORIENTED_EDGE('',*,*,#1597,.T.);
#2250=ORIENTED_EDGE('',*,*,#1617,.T.);
#2251=ORIENTED_EDGE('',*,*,#1614,.F.);
#2252=ORIENTED_EDGE('',*,*,#1617,.F.);
#2253=ORIENTED_EDGE('',*,*,#1596,.F.);
#2254=ORIENTED_EDGE('',*,*,#1600,.F.);
#2255=ORIENTED_EDGE('',*,*,#1603,.F.);
#2256=ORIENTED_EDGE('',*,*,#1606,.F.);
#2257=ORIENTED_EDGE('',*,*,#1609,.F.);
#2258=ORIENTED_EDGE('',*,*,#1612,.F.);
#2259=ORIENTED_EDGE('',*,*,#1615,.F.);
#2260=ORIENTED_EDGE('',*,*,#1618,.F.);
#2261=ORIENTED_EDGE('',*,*,#1619,.F.);
#2262=ORIENTED_EDGE('',*,*,#1620,.F.);
#2263=ORIENTED_EDGE('',*,*,#1621,.F.);
#2264=ORIENTED_EDGE('',*,*,#1622,.F.);
#2265=ORIENTED_EDGE('',*,*,#1623,.F.);
#2266=ORIENTED_EDGE('',*,*,#1624,.F.);
#2267=ORIENTED_EDGE('',*,*,#1625,.F.);
#2268=ORIENTED_EDGE('',*,*,#1621,.T.);
#2269=ORIENTED_EDGE('',*,*,#1626,.T.);
#2270=ORIENTED_EDGE('',*,*,#1627,.T.);
#2271=ORIENTED_EDGE('',*,*,#1628,.F.);
#2272=ORIENTED_EDGE('',*,*,#1620,.T.);
#2273=ORIENTED_EDGE('',*,*,#1629,.T.);
#2274=ORIENTED_EDGE('',*,*,#1630,.T.);
#2275=ORIENTED_EDGE('',*,*,#1626,.F.);
#2276=ORIENTED_EDGE('',*,*,#1619,.T.);
#2277=ORIENTED_EDGE('',*,*,#1631,.T.);
#2278=ORIENTED_EDGE('',*,*,#1632,.T.);
#2279=ORIENTED_EDGE('',*,*,#1629,.F.);
#2280=ORIENTED_EDGE('',*,*,#1618,.T.);
#2281=ORIENTED_EDGE('',*,*,#1633,.T.);
#2282=ORIENTED_EDGE('',*,*,#1634,.T.);
#2283=ORIENTED_EDGE('',*,*,#1631,.F.);
#2284=ORIENTED_EDGE('',*,*,#1625,.T.);
#2285=ORIENTED_EDGE('',*,*,#1635,.T.);
#2286=ORIENTED_EDGE('',*,*,#1636,.T.);
#2287=ORIENTED_EDGE('',*,*,#1633,.F.);
#2288=ORIENTED_EDGE('',*,*,#1624,.T.);
#2289=ORIENTED_EDGE('',*,*,#1637,.T.);
#2290=ORIENTED_EDGE('',*,*,#1638,.T.);
#2291=ORIENTED_EDGE('',*,*,#1635,.F.);
#2292=ORIENTED_EDGE('',*,*,#1623,.T.);
#2293=ORIENTED_EDGE('',*,*,#1639,.T.);
#2294=ORIENTED_EDGE('',*,*,#1640,.T.);
#2295=ORIENTED_EDGE('',*,*,#1637,.F.);
#2296=ORIENTED_EDGE('',*,*,#1622,.T.);
#2297=ORIENTED_EDGE('',*,*,#1628,.T.);
#2298=ORIENTED_EDGE('',*,*,#1641,.T.);
#2299=ORIENTED_EDGE('',*,*,#1639,.F.);
#2300=ORIENTED_EDGE('',*,*,#1641,.F.);
#2301=ORIENTED_EDGE('',*,*,#1627,.F.);
#2302=ORIENTED_EDGE('',*,*,#1630,.F.);
#2303=ORIENTED_EDGE('',*,*,#1632,.F.);
#2304=ORIENTED_EDGE('',*,*,#1634,.F.);
#2305=ORIENTED_EDGE('',*,*,#1636,.F.);
#2306=ORIENTED_EDGE('',*,*,#1638,.F.);
#2307=ORIENTED_EDGE('',*,*,#1640,.F.);
#2308=ORIENTED_EDGE('',*,*,#1593,.T.);
#2309=ORIENTED_EDGE('',*,*,#1591,.T.);
#2310=ORIENTED_EDGE('',*,*,#1473,.T.);
#2311=ORIENTED_EDGE('',*,*,#1476,.T.);
#2312=ORIENTED_EDGE('',*,*,#1588,.T.);
#2313=ORIENTED_EDGE('',*,*,#1589,.T.);
#2314=ORIENTED_EDGE('',*,*,#1586,.T.);
#2315=ORIENTED_EDGE('',*,*,#1582,.T.);
#2316=ORIENTED_EDGE('',*,*,#1584,.T.);
#2317=ORIENTED_EDGE('',*,*,#1577,.T.);
#2318=ORIENTED_EDGE('',*,*,#1580,.T.);
#2319=ORIENTED_EDGE('',*,*,#1574,.T.);
#2320=ORIENTED_EDGE('',*,*,#1576,.T.);
#2321=ORIENTED_EDGE('',*,*,#1569,.T.);
#2322=ORIENTED_EDGE('',*,*,#1572,.T.);
#2323=ORIENTED_EDGE('',*,*,#1566,.T.);
#2324=ORIENTED_EDGE('',*,*,#1568,.T.);
#2325=ORIENTED_EDGE('',*,*,#1561,.T.);
#2326=ORIENTED_EDGE('',*,*,#1564,.T.);
#2327=ORIENTED_EDGE('',*,*,#1558,.T.);
#2328=ORIENTED_EDGE('',*,*,#1560,.T.);
#2329=ORIENTED_EDGE('',*,*,#1553,.T.);
#2330=ORIENTED_EDGE('',*,*,#1556,.T.);
#2331=ORIENTED_EDGE('',*,*,#1550,.T.);
#2332=ORIENTED_EDGE('',*,*,#1552,.T.);
#2333=ORIENTED_EDGE('',*,*,#1545,.T.);
#2334=ORIENTED_EDGE('',*,*,#1548,.T.);
#2335=ORIENTED_EDGE('',*,*,#1542,.T.);
#2336=ORIENTED_EDGE('',*,*,#1544,.T.);
#2337=ORIENTED_EDGE('',*,*,#1537,.T.);
#2338=ORIENTED_EDGE('',*,*,#1540,.T.);
#2339=ORIENTED_EDGE('',*,*,#1642,.F.);
#2340=ORIENTED_EDGE('',*,*,#1529,.F.);
#2341=ORIENTED_EDGE('',*,*,#1532,.F.);
#2342=ORIENTED_EDGE('',*,*,#1534,.F.);
#2343=ORIENTED_EDGE('',*,*,#1536,.F.);
#2344=ORIENTED_EDGE('',*,*,#1643,.F.);
#2345=ORIENTED_EDGE('',*,*,#1644,.F.);
#2346=ORIENTED_EDGE('',*,*,#1645,.F.);
#2347=ORIENTED_EDGE('',*,*,#1594,.T.);
#2348=ORIENTED_EDGE('',*,*,#1616,.T.);
#2349=ORIENTED_EDGE('',*,*,#1613,.T.);
#2350=ORIENTED_EDGE('',*,*,#1610,.T.);
#2351=ORIENTED_EDGE('',*,*,#1607,.T.);
#2352=ORIENTED_EDGE('',*,*,#1604,.T.);
#2353=ORIENTED_EDGE('',*,*,#1601,.T.);
#2354=ORIENTED_EDGE('',*,*,#1598,.T.);
#2355=ORIENTED_EDGE('',*,*,#1522,.F.);
#2356=ORIENTED_EDGE('',*,*,#1530,.F.);
#2357=ORIENTED_EDGE('',*,*,#1642,.T.);
#2358=ORIENTED_EDGE('',*,*,#1646,.T.);
#2359=ORIENTED_EDGE('',*,*,#1527,.F.);
#2360=ORIENTED_EDGE('',*,*,#1647,.F.);
#2361=ORIENTED_EDGE('',*,*,#1643,.T.);
#2362=ORIENTED_EDGE('',*,*,#1535,.T.);
#2363=ORIENTED_EDGE('',*,*,#1526,.F.);
#2364=ORIENTED_EDGE('',*,*,#1648,.F.);
#2365=ORIENTED_EDGE('',*,*,#1644,.T.);
#2366=ORIENTED_EDGE('',*,*,#1647,.T.);
#2367=ORIENTED_EDGE('',*,*,#1524,.F.);
#2368=ORIENTED_EDGE('',*,*,#1646,.F.);
#2369=ORIENTED_EDGE('',*,*,#1645,.T.);
#2370=ORIENTED_EDGE('',*,*,#1648,.T.);
#2371=PLANE('',#2613);
#2372=PLANE('',#2614);
#2373=PLANE('',#2615);
#2374=PLANE('',#2616);
#2375=PLANE('',#2617);
#2376=PLANE('',#2618);
#2377=PLANE('',#2619);
#2378=PLANE('',#2620);
#2379=PLANE('',#2621);
#2380=PLANE('',#2622);
#2381=PLANE('',#2623);
#2382=PLANE('',#2624);
#2383=PLANE('',#2625);
#2384=PLANE('',#2626);
#2385=PLANE('',#2627);
#2386=PLANE('',#2628);
#2387=PLANE('',#2629);
#2388=PLANE('',#2630);
#2389=PLANE('',#2631);
#2390=PLANE('',#2632);
#2391=PLANE('',#2633);
#2392=PLANE('',#2634);
#2393=PLANE('',#2635);
#2394=PLANE('',#2636);
#2395=PLANE('',#2637);
#2396=PLANE('',#2638);
#2397=PLANE('',#2639);
#2398=PLANE('',#2640);
#2399=PLANE('',#2641);
#2400=PLANE('',#2645);
#2401=PLANE('',#2649);
#2402=PLANE('',#2653);
#2403=PLANE('',#2659);
#2404=PLANE('',#2662);
#2405=PLANE('',#2663);
#2406=PLANE('',#2670);
#2407=PLANE('',#2673);
#2408=PLANE('',#2674);
#2409=PLANE('',#2679);
#2410=PLANE('',#2681);
#2411=PLANE('',#2683);
#2412=PLANE('',#2685);
#2413=PLANE('',#2687);
#2414=PLANE('',#2692);
#2415=PLANE('',#2695);
#2416=PLANE('',#2698);
#2417=PLANE('',#2701);
#2418=PLANE('',#2704);
#2419=PLANE('',#2713);
#2420=PLANE('',#2714);
#2421=PLANE('',#2715);
#2422=PLANE('',#2745);
#2423=PLANE('',#2748);
#2424=PLANE('',#2749);
#2425=PLANE('',#2750);
#2426=PLANE('',#2751);
#2427=PLANE('',#2752);
#2428=PLANE('',#2753);
#2429=PLANE('',#2754);
#2430=PLANE('',#2755);
#2431=PLANE('',#2756);
#2432=PLANE('',#2757);
#2433=PLANE('',#2758);
#2434=PLANE('',#2759);
#2435=PLANE('',#2760);
#2436=PLANE('',#2761);
#2437=PLANE('',#2762);
#2438=PLANE('',#2763);
#2439=PLANE('',#2764);
#2440=PLANE('',#2765);
#2441=PLANE('',#2766);
#2442=PLANE('',#2767);
#2443=PLANE('',#2768);
#2444=PLANE('',#2769);
#2445=PLANE('',#2770);
#2446=PLANE('',#2771);
#2447=PLANE('',#2772);
#2448=PLANE('',#2775);
#2449=PLANE('',#2776);
#2450=PLANE('',#2781);
#2451=PLANE('',#2785);
#2452=PLANE('',#2789);
#2453=PLANE('',#2793);
#2454=PLANE('',#2797);
#2455=PLANE('',#2802);
#2456=PLANE('',#2805);
#2457=PLANE('',#2808);
#2458=PLANE('',#2811);
#2459=PLANE('',#2814);
#2460=PLANE('',#2815);
#2461=PLANE('',#2818);
#2462=PLANE('',#2820);
#2463=ADVANCED_FACE('',(#172),#2371,.F.);
#2464=ADVANCED_FACE('',(#173),#2372,.F.);
#2465=ADVANCED_FACE('',(#174),#2373,.F.);
#2466=ADVANCED_FACE('',(#175),#2374,.F.);
#2467=ADVANCED_FACE('',(#176),#2375,.F.);
#2468=ADVANCED_FACE('',(#177),#2376,.F.);
#2469=ADVANCED_FACE('',(#178),#2377,.F.);
#2470=ADVANCED_FACE('',(#179),#2378,.F.);
#2471=ADVANCED_FACE('',(#180),#2379,.F.);
#2472=ADVANCED_FACE('',(#181),#2380,.F.);
#2473=ADVANCED_FACE('',(#182),#2381,.F.);
#2474=ADVANCED_FACE('',(#183),#2382,.F.);
#2475=ADVANCED_FACE('',(#184),#2383,.F.);
#2476=ADVANCED_FACE('',(#185),#2384,.F.);
#2477=ADVANCED_FACE('',(#186),#2385,.F.);
#2478=ADVANCED_FACE('',(#187),#2386,.F.);
#2479=ADVANCED_FACE('',(#188),#2387,.F.);
#2480=ADVANCED_FACE('',(#189),#2388,.F.);
#2481=ADVANCED_FACE('',(#190),#2389,.F.);
#2482=ADVANCED_FACE('',(#191),#2390,.F.);
#2483=ADVANCED_FACE('',(#192),#2391,.F.);
#2484=ADVANCED_FACE('',(#193),#2392,.F.);
#2485=ADVANCED_FACE('',(#194),#2393,.F.);
#2486=ADVANCED_FACE('',(#195),#2394,.F.);
#2487=ADVANCED_FACE('',(#196),#2395,.F.);
#2488=ADVANCED_FACE('',(#197),#2396,.F.);
#2489=ADVANCED_FACE('',(#198),#2397,.F.);
#2490=ADVANCED_FACE('',(#199),#2398,.F.);
#2491=ADVANCED_FACE('',(#200),#2399,.T.);
#2492=ADVANCED_FACE('',(#201),#168,.T.);
#2493=ADVANCED_FACE('',(#202),#2400,.T.);
#2494=ADVANCED_FACE('',(#203),#169,.T.);
#2495=ADVANCED_FACE('',(#204),#2401,.T.);
#2496=ADVANCED_FACE('',(#205),#170,.T.);
#2497=ADVANCED_FACE('',(#206),#2402,.T.);
#2498=ADVANCED_FACE('',(#207),#171,.T.);
#2499=ADVANCED_FACE('',(#208),#63,.T.);
#2500=ADVANCED_FACE('',(#209),#2403,.T.);
#2501=ADVANCED_FACE('',(#210),#64,.T.);
#2502=ADVANCED_FACE('',(#211),#2404,.T.);
#2503=ADVANCED_FACE('',(#212,#25),#2405,.T.);
#2504=ADVANCED_FACE('',(#213),#65,.T.);
#2505=ADVANCED_FACE('',(#214),#2406,.T.);
#2506=ADVANCED_FACE('',(#215),#66,.T.);
#2507=ADVANCED_FACE('',(#216),#2407,.T.);
#2508=ADVANCED_FACE('',(#217),#2408,.T.);
#2509=ADVANCED_FACE('',(#218,#26),#2409,.F.);
#2510=ADVANCED_FACE('',(#219),#67,.F.);
#2511=ADVANCED_FACE('',(#220,#27,#28,#29),#2410,.F.);
#2512=ADVANCED_FACE('',(#221),#68,.F.);
#2513=ADVANCED_FACE('',(#222),#2411,.F.);
#2514=ADVANCED_FACE('',(#223),#69,.F.);
#2515=ADVANCED_FACE('',(#224,#30,#31,#32),#2412,.F.);
#2516=ADVANCED_FACE('',(#225),#70,.F.);
#2517=ADVANCED_FACE('',(#226),#2413,.F.);
#2518=ADVANCED_FACE('',(#227,#33),#2414,.T.);
#2519=ADVANCED_FACE('',(#228),#71,.T.);
#2520=ADVANCED_FACE('',(#229,#34,#35,#36),#2415,.T.);
#2521=ADVANCED_FACE('',(#230),#72,.T.);
#2522=ADVANCED_FACE('',(#231),#2416,.T.);
#2523=ADVANCED_FACE('',(#232),#73,.T.);
#2524=ADVANCED_FACE('',(#233,#37,#38,#39),#2417,.T.);
#2525=ADVANCED_FACE('',(#234),#74,.T.);
#2526=ADVANCED_FACE('',(#235,#40),#2418,.T.);
#2527=ADVANCED_FACE('',(#236),#75,.T.);
#2528=ADVANCED_FACE('',(#237),#76,.T.);
#2529=ADVANCED_FACE('',(#238),#77,.T.);
#2530=ADVANCED_FACE('',(#239),#78,.T.);
#2531=ADVANCED_FACE('',(#240),#2419,.F.);
#2532=ADVANCED_FACE('',(#241),#2420,.F.);
#2533=ADVANCED_FACE('',(#242,#41,#42,#43,#44,#45,#46,#47,#48,#49,#50),#2421,
 .T.);
#2534=ADVANCED_FACE('',(#243),#79,.T.);
#2535=ADVANCED_FACE('',(#244),#13,.T.);
#2536=ADVANCED_FACE('',(#245),#80,.T.);
#2537=ADVANCED_FACE('',(#246),#14,.T.);
#2538=ADVANCED_FACE('',(#247),#81,.T.);
#2539=ADVANCED_FACE('',(#248),#15,.T.);
#2540=ADVANCED_FACE('',(#249),#82,.T.);
#2541=ADVANCED_FACE('',(#250),#16,.T.);
#2542=ADVANCED_FACE('',(#251),#83,.T.);
#2543=ADVANCED_FACE('',(#252),#2422,.T.);
#2544=ADVANCED_FACE('',(#253),#84,.T.);
#2545=ADVANCED_FACE('',(#254),#2423,.T.);
#2546=ADVANCED_FACE('',(#255),#2424,.F.);
#2547=ADVANCED_FACE('',(#256),#2425,.F.);
#2548=ADVANCED_FACE('',(#257),#2426,.F.);
#2549=ADVANCED_FACE('',(#258),#2427,.F.);
#2550=ADVANCED_FACE('',(#259),#2428,.F.);
#2551=ADVANCED_FACE('',(#260),#2429,.F.);
#2552=ADVANCED_FACE('',(#261),#2430,.F.);
#2553=ADVANCED_FACE('',(#262),#2431,.F.);
#2554=ADVANCED_FACE('',(#263),#2432,.F.);
#2555=ADVANCED_FACE('',(#264),#2433,.F.);
#2556=ADVANCED_FACE('',(#265),#2434,.F.);
#2557=ADVANCED_FACE('',(#266),#2435,.F.);
#2558=ADVANCED_FACE('',(#267),#2436,.F.);
#2559=ADVANCED_FACE('',(#268),#2437,.F.);
#2560=ADVANCED_FACE('',(#269),#2438,.F.);
#2561=ADVANCED_FACE('',(#270),#2439,.F.);
#2562=ADVANCED_FACE('',(#271),#2440,.F.);
#2563=ADVANCED_FACE('',(#272),#2441,.F.);
#2564=ADVANCED_FACE('',(#273),#2442,.F.);
#2565=ADVANCED_FACE('',(#274),#2443,.F.);
#2566=ADVANCED_FACE('',(#275),#2444,.F.);
#2567=ADVANCED_FACE('',(#276),#2445,.F.);
#2568=ADVANCED_FACE('',(#277),#2446,.F.);
#2569=ADVANCED_FACE('',(#278),#2447,.F.);
#2570=ADVANCED_FACE('',(#279),#85,.F.);
#2571=ADVANCED_FACE('',(#280),#2448,.F.);
#2572=ADVANCED_FACE('',(#281),#2449,.F.);
#2573=ADVANCED_FACE('',(#282),#86,.F.);
#2574=ADVANCED_FACE('',(#283),#87,.F.);
#2575=ADVANCED_FACE('',(#284),#2450,.F.);
#2576=ADVANCED_FACE('',(#285),#88,.F.);
#2577=ADVANCED_FACE('',(#286),#2451,.F.);
#2578=ADVANCED_FACE('',(#287),#89,.F.);
#2579=ADVANCED_FACE('',(#288),#2452,.F.);
#2580=ADVANCED_FACE('',(#289),#90,.F.);
#2581=ADVANCED_FACE('',(#290),#2453,.F.);
#2582=ADVANCED_FACE('',(#291),#91,.F.);
#2583=ADVANCED_FACE('',(#292,#51),#2454,.T.);
#2584=ADVANCED_FACE('',(#293),#2455,.F.);
#2585=ADVANCED_FACE('',(#294),#92,.F.);
#2586=ADVANCED_FACE('',(#295),#2456,.F.);
#2587=ADVANCED_FACE('',(#296),#93,.F.);
#2588=ADVANCED_FACE('',(#297),#2457,.F.);
#2589=ADVANCED_FACE('',(#298),#94,.F.);
#2590=ADVANCED_FACE('',(#299),#2458,.F.);
#2591=ADVANCED_FACE('',(#300),#95,.F.);
#2592=ADVANCED_FACE('',(#301,#52,#53,#54,#55,#56,#57,#58,#59,#60,#61),#2459,
 .F.);
#2593=ADVANCED_FACE('',(#302,#62),#2460,.F.);
#2594=ADVANCED_FACE('',(#303),#2461,.T.);
#2595=ADVANCED_FACE('',(#304),#96,.T.);
#2596=ADVANCED_FACE('',(#305),#2462,.T.);
#2597=ADVANCED_FACE('',(#306),#97,.T.);
#2598=CLOSED_SHELL('',(#2463,#2464,#2465,#2466,#2467,#2468,#2469,#2470,
#2471,#2472,#2473,#2474,#2475,#2476,#2477,#2478,#2479,#2480,#2481,#2482,
#2483,#2484,#2485,#2486,#2487,#2488,#2489,#2490,#2491,#2492,#2493,#2494,
#2495,#2496,#2497,#2498,#2499,#2500,#2501,#2502,#2503,#2504,#2505,#2506,
#2507,#2508,#2509,#2510,#2511,#2512,#2513,#2514,#2515,#2516,#2517,#2518,
#2519,#2520,#2521,#2522,#2523,#2524,#2525,#2526));
#2599=CLOSED_SHELL('',(#2527,#2528,#2529,#2530,#2531,#2532,#2533,#2534,
#2535,#2536,#2537,#2538,#2539,#2540,#2541,#2542,#2543,#2544,#2545,#2546,
#2547,#2548,#2549,#2550,#2551,#2552,#2553,#2554,#2555,#2556,#2557,#2558,
#2559,#2560,#2561,#2562,#2563,#2564,#2565,#2566,#2567,#2568,#2569,#2570,
#2571,#2572,#2573,#2574,#2575,#2576,#2577,#2578,#2579,#2580,#2581,#2582,
#2583,#2584,#2585,#2586,#2587,#2588,#2589,#2590,#2591,#2592,#2593,#2594,
#2595,#2596,#2597));
#2600=DERIVED_UNIT_ELEMENT(#2602,1.);
#2601=DERIVED_UNIT_ELEMENT(#4265,-3.);
#2602=(
MASS_UNIT()
NAMED_UNIT(*)
SI_UNIT(.KILO.,.GRAM.)
);
#2603=DERIVED_UNIT((#2600,#2601));
#2604=MEASURE_REPRESENTATION_ITEM('density measure',
POSITIVE_RATIO_MEASURE(7850.),#2603);
#2605=PROPERTY_DEFINITION_REPRESENTATION(#2610,#2607);
#2606=PROPERTY_DEFINITION_REPRESENTATION(#2611,#2608);
#2607=REPRESENTATION('material name',(#2609),#4262);
#2608=REPRESENTATION('density',(#2604),#4262);
#2609=DESCRIPTIVE_REPRESENTATION_ITEM('Steel','Steel');
#2610=PROPERTY_DEFINITION('material property','material name',#4272);
#2611=PROPERTY_DEFINITION('material property','density of part',#4272);
#2612=AXIS2_PLACEMENT_3D('',#3529,#2822,#2823);
#2613=AXIS2_PLACEMENT_3D('',#3530,#2824,#2825);
#2614=AXIS2_PLACEMENT_3D('',#3539,#2830,#2831);
#2615=AXIS2_PLACEMENT_3D('',#3545,#2835,#2836);
#2616=AXIS2_PLACEMENT_3D('',#3551,#2840,#2841);
#2617=AXIS2_PLACEMENT_3D('',#3554,#2844,#2845);
#2618=AXIS2_PLACEMENT_3D('',#3563,#2850,#2851);
#2619=AXIS2_PLACEMENT_3D('',#3569,#2855,#2856);
#2620=AXIS2_PLACEMENT_3D('',#3575,#2860,#2861);
#2621=AXIS2_PLACEMENT_3D('',#3578,#2864,#2865);
#2622=AXIS2_PLACEMENT_3D('',#3587,#2870,#2871);
#2623=AXIS2_PLACEMENT_3D('',#3593,#2875,#2876);
#2624=AXIS2_PLACEMENT_3D('',#3599,#2880,#2881);
#2625=AXIS2_PLACEMENT_3D('',#3602,#2884,#2885);
#2626=AXIS2_PLACEMENT_3D('',#3611,#2890,#2891);
#2627=AXIS2_PLACEMENT_3D('',#3617,#2895,#2896);
#2628=AXIS2_PLACEMENT_3D('',#3623,#2900,#2901);
#2629=AXIS2_PLACEMENT_3D('',#3626,#2904,#2905);
#2630=AXIS2_PLACEMENT_3D('',#3635,#2910,#2911);
#2631=AXIS2_PLACEMENT_3D('',#3641,#2915,#2916);
#2632=AXIS2_PLACEMENT_3D('',#3647,#2920,#2921);
#2633=AXIS2_PLACEMENT_3D('',#3650,#2924,#2925);
#2634=AXIS2_PLACEMENT_3D('',#3659,#2930,#2931);
#2635=AXIS2_PLACEMENT_3D('',#3665,#2935,#2936);
#2636=AXIS2_PLACEMENT_3D('',#3671,#2940,#2941);
#2637=AXIS2_PLACEMENT_3D('',#3674,#2944,#2945);
#2638=AXIS2_PLACEMENT_3D('',#3683,#2950,#2951);
#2639=AXIS2_PLACEMENT_3D('',#3689,#2955,#2956);
#2640=AXIS2_PLACEMENT_3D('',#3695,#2960,#2961);
#2641=AXIS2_PLACEMENT_3D('',#3698,#2964,#2965);
#2642=AXIS2_PLACEMENT_3D('',#3707,#2970,#2971);
#2643=AXIS2_PLACEMENT_3D('',#3711,#2973,#2974);
#2644=AXIS2_PLACEMENT_3D('',#3712,#2975,#2976);
#2645=AXIS2_PLACEMENT_3D('',#3713,#2977,#2978);
#2646=AXIS2_PLACEMENT_3D('',#3719,#2982,#2983);
#2647=AXIS2_PLACEMENT_3D('',#3723,#2985,#2986);
#2648=AXIS2_PLACEMENT_3D('',#3724,#2987,#2988);
#2649=AXIS2_PLACEMENT_3D('',#3725,#2989,#2990);
#2650=AXIS2_PLACEMENT_3D('',#3731,#2994,#2995);
#2651=AXIS2_PLACEMENT_3D('',#3735,#2997,#2998);
#2652=AXIS2_PLACEMENT_3D('',#3736,#2999,#3000);
#2653=AXIS2_PLACEMENT_3D('',#3737,#3001,#3002);
#2654=AXIS2_PLACEMENT_3D('',#3743,#3006,#3007);
#2655=AXIS2_PLACEMENT_3D('',#3744,#3008,#3009);
#2656=AXIS2_PLACEMENT_3D('',#3745,#3010,#3011);
#2657=AXIS2_PLACEMENT_3D('',#3746,#3012,#3013);
#2658=AXIS2_PLACEMENT_3D('',#3750,#3015,#3016);
#2659=AXIS2_PLACEMENT_3D('',#3752,#3018,#3019);
#2660=AXIS2_PLACEMENT_3D('',#3756,#3022,#3023);
#2661=AXIS2_PLACEMENT_3D('',#3759,#3025,#3026);
#2662=AXIS2_PLACEMENT_3D('',#3760,#3027,#3028);
#2663=AXIS2_PLACEMENT_3D('',#3764,#3031,#3032);
#2664=AXIS2_PLACEMENT_3D('',#3767,#3033,#3034);
#2665=AXIS2_PLACEMENT_3D('',#3771,#3036,#3037);
#2666=AXIS2_PLACEMENT_3D('',#3775,#3039,#3040);
#2667=AXIS2_PLACEMENT_3D('',#3779,#3042,#3043);
#2668=AXIS2_PLACEMENT_3D('',#3781,#3045,#3046);
#2669=AXIS2_PLACEMENT_3D('',#3784,#3048,#3049);
#2670=AXIS2_PLACEMENT_3D('',#3785,#3050,#3051);
#2671=AXIS2_PLACEMENT_3D('',#3789,#3054,#3055);
#2672=AXIS2_PLACEMENT_3D('',#3792,#3057,#3058);
#2673=AXIS2_PLACEMENT_3D('',#3793,#3059,#3060);
#2674=AXIS2_PLACEMENT_3D('',#3795,#3062,#3063);
#2675=AXIS2_PLACEMENT_3D('',#3798,#3064,#3065);
#2676=AXIS2_PLACEMENT_3D('',#3802,#3067,#3068);
#2677=AXIS2_PLACEMENT_3D('',#3806,#3070,#3071);
#2678=AXIS2_PLACEMENT_3D('',#3810,#3073,#3074);
#2679=AXIS2_PLACEMENT_3D('',#3812,#3076,#3077);
#2680=AXIS2_PLACEMENT_3D('',#3815,#3080,#3081);
#2681=AXIS2_PLACEMENT_3D('',#3817,#3083,#3084);
#2682=AXIS2_PLACEMENT_3D('',#3819,#3086,#3087);
#2683=AXIS2_PLACEMENT_3D('',#3821,#3089,#3090);
#2684=AXIS2_PLACEMENT_3D('',#3823,#3092,#3093);
#2685=AXIS2_PLACEMENT_3D('',#3825,#3095,#3096);
#2686=AXIS2_PLACEMENT_3D('',#3827,#3098,#3099);
#2687=AXIS2_PLACEMENT_3D('',#3828,#3100,#3101);
#2688=AXIS2_PLACEMENT_3D('',#3831,#3102,#3103);
#2689=AXIS2_PLACEMENT_3D('',#3835,#3105,#3106);
#2690=AXIS2_PLACEMENT_3D('',#3839,#3108,#3109);
#2691=AXIS2_PLACEMENT_3D('',#3843,#3111,#3112);
#2692=AXIS2_PLACEMENT_3D('',#3845,#3114,#3115);
#2693=AXIS2_PLACEMENT_3D('',#3851,#3119,#3120);
#2694=AXIS2_PLACEMENT_3D('',#3853,#3121,#3122);
#2695=AXIS2_PLACEMENT_3D('',#3855,#3124,#3125);
#2696=AXIS2_PLACEMENT_3D('',#3859,#3128,#3129);
#2697=AXIS2_PLACEMENT_3D('',#3861,#3130,#3131);
#2698=AXIS2_PLACEMENT_3D('',#3863,#3133,#3134);
#2699=AXIS2_PLACEMENT_3D('',#3867,#3137,#3138);
#2700=AXIS2_PLACEMENT_3D('',#3869,#3139,#3140);
#2701=AXIS2_PLACEMENT_3D('',#3871,#3142,#3143);
#2702=AXIS2_PLACEMENT_3D('',#3875,#3146,#3147);
#2703=AXIS2_PLACEMENT_3D('',#3876,#3148,#3149);
#2704=AXIS2_PLACEMENT_3D('',#3877,#3150,#3151);
#2705=AXIS2_PLACEMENT_3D('',#3878,#3152,#3153);
#2706=AXIS2_PLACEMENT_3D('',#3883,#3155,#3156);
#2707=AXIS2_PLACEMENT_3D('',#3886,#3158,#3159);
#2708=AXIS2_PLACEMENT_3D('',#3887,#3160,#3161);
#2709=AXIS2_PLACEMENT_3D('',#3891,#3163,#3164);
#2710=AXIS2_PLACEMENT_3D('',#3893,#3166,#3167);
#2711=AXIS2_PLACEMENT_3D('',#3897,#3169,#3170);
#2712=AXIS2_PLACEMENT_3D('',#3899,#3172,#3173);
#2713=AXIS2_PLACEMENT_3D('',#3902,#3176,#3177);
#2714=AXIS2_PLACEMENT_3D('',#3908,#3181,#3182);
#2715=AXIS2_PLACEMENT_3D('',#3912,#3185,#3186);
#2716=AXIS2_PLACEMENT_3D('',#3917,#3188,#3189);
#2717=AXIS2_PLACEMENT_3D('',#3921,#3191,#3192);
#2718=AXIS2_PLACEMENT_3D('',#3925,#3194,#3195);
#2719=AXIS2_PLACEMENT_3D('',#3928,#3197,#3198);
#2720=AXIS2_PLACEMENT_3D('',#3930,#3199,#3200);
#2721=AXIS2_PLACEMENT_3D('',#3932,#3201,#3202);
#2722=AXIS2_PLACEMENT_3D('',#3934,#3203,#3204);
#2723=AXIS2_PLACEMENT_3D('',#3983,#3229,#3230);
#2724=AXIS2_PLACEMENT_3D('',#3985,#3231,#3232);
#2725=AXIS2_PLACEMENT_3D('',#3988,#3234,#3235);
#2726=AXIS2_PLACEMENT_3D('',#3989,#3236,#3237);
#2727=AXIS2_PLACEMENT_3D('',#3991,#3238,#3239);
#2728=AXIS2_PLACEMENT_3D('',#3992,#3240,#3241);
#2729=AXIS2_PLACEMENT_3D('',#3993,#3242,#3243);
#2730=AXIS2_PLACEMENT_3D('',#3995,#3244,#3245);
#2731=AXIS2_PLACEMENT_3D('',#3997,#3247,#3248);
#2732=AXIS2_PLACEMENT_3D('',#3999,#3249,#3250);
#2733=AXIS2_PLACEMENT_3D('',#4000,#3251,#3252);
#2734=AXIS2_PLACEMENT_3D('',#4001,#3253,#3254);
#2735=AXIS2_PLACEMENT_3D('',#4003,#3255,#3256);
#2736=AXIS2_PLACEMENT_3D('',#4005,#3258,#3259);
#2737=AXIS2_PLACEMENT_3D('',#4007,#3260,#3261);
#2738=AXIS2_PLACEMENT_3D('',#4008,#3262,#3263);
#2739=AXIS2_PLACEMENT_3D('',#4009,#3264,#3265);
#2740=AXIS2_PLACEMENT_3D('',#4011,#3266,#3267);
#2741=AXIS2_PLACEMENT_3D('',#4013,#3269,#3270);
#2742=AXIS2_PLACEMENT_3D('',#4014,#3271,#3272);
#2743=AXIS2_PLACEMENT_3D('',#4015,#3273,#3274);
#2744=AXIS2_PLACEMENT_3D('',#4019,#3276,#3277);
#2745=AXIS2_PLACEMENT_3D('',#4021,#3279,#3280);
#2746=AXIS2_PLACEMENT_3D('',#4025,#3283,#3284);
#2747=AXIS2_PLACEMENT_3D('',#4028,#3286,#3287);
#2748=AXIS2_PLACEMENT_3D('',#4029,#3288,#3289);
#2749=AXIS2_PLACEMENT_3D('',#4033,#3292,#3293);
#2750=AXIS2_PLACEMENT_3D('',#4039,#3297,#3298);
#2751=AXIS2_PLACEMENT_3D('',#4043,#3301,#3302);
#2752=AXIS2_PLACEMENT_3D('',#4047,#3305,#3306);
#2753=AXIS2_PLACEMENT_3D('',#4049,#3308,#3309);
#2754=AXIS2_PLACEMENT_3D('',#4055,#3313,#3314);
#2755=AXIS2_PLACEMENT_3D('',#4059,#3317,#3318);
#2756=AXIS2_PLACEMENT_3D('',#4063,#3321,#3322);
#2757=AXIS2_PLACEMENT_3D('',#4065,#3324,#3325);
#2758=AXIS2_PLACEMENT_3D('',#4071,#3329,#3330);
#2759=AXIS2_PLACEMENT_3D('',#4075,#3333,#3334);
#2760=AXIS2_PLACEMENT_3D('',#4079,#3337,#3338);
#2761=AXIS2_PLACEMENT_3D('',#4081,#3340,#3341);
#2762=AXIS2_PLACEMENT_3D('',#4087,#3345,#3346);
#2763=AXIS2_PLACEMENT_3D('',#4091,#3349,#3350);
#2764=AXIS2_PLACEMENT_3D('',#4095,#3353,#3354);
#2765=AXIS2_PLACEMENT_3D('',#4097,#3356,#3357);
#2766=AXIS2_PLACEMENT_3D('',#4103,#3361,#3362);
#2767=AXIS2_PLACEMENT_3D('',#4107,#3365,#3366);
#2768=AXIS2_PLACEMENT_3D('',#4111,#3369,#3370);
#2769=AXIS2_PLACEMENT_3D('',#4113,#3372,#3373);
#2770=AXIS2_PLACEMENT_3D('',#4119,#3377,#3378);
#2771=AXIS2_PLACEMENT_3D('',#4123,#3381,#3382);
#2772=AXIS2_PLACEMENT_3D('',#4127,#3385,#3386);
#2773=AXIS2_PLACEMENT_3D('',#4129,#3388,#3389);
#2774=AXIS2_PLACEMENT_3D('',#4132,#3391,#3392);
#2775=AXIS2_PLACEMENT_3D('',#4133,#3393,#3394);
#2776=AXIS2_PLACEMENT_3D('',#4137,#3397,#3398);
#2777=AXIS2_PLACEMENT_3D('',#4139,#3400,#3401);
#2778=AXIS2_PLACEMENT_3D('',#4142,#3403,#3404);
#2779=AXIS2_PLACEMENT_3D('',#4143,#3405,#3406);
#2780=AXIS2_PLACEMENT_3D('',#4146,#3408,#3409);
#2781=AXIS2_PLACEMENT_3D('',#4147,#3410,#3411);
#2782=AXIS2_PLACEMENT_3D('',#4156,#3416,#3417);
#2783=AXIS2_PLACEMENT_3D('',#4158,#3418,#3419);
#2784=AXIS2_PLACEMENT_3D('',#4161,#3421,#3422);
#2785=AXIS2_PLACEMENT_3D('',#4162,#3423,#3424);
#2786=AXIS2_PLACEMENT_3D('',#4168,#3428,#3429);
#2787=AXIS2_PLACEMENT_3D('',#4170,#3430,#3431);
#2788=AXIS2_PLACEMENT_3D('',#4173,#3433,#3434);
#2789=AXIS2_PLACEMENT_3D('',#4174,#3435,#3436);
#2790=AXIS2_PLACEMENT_3D('',#4180,#3440,#3441);
#2791=AXIS2_PLACEMENT_3D('',#4182,#3442,#3443);
#2792=AXIS2_PLACEMENT_3D('',#4185,#3445,#3446);
#2793=AXIS2_PLACEMENT_3D('',#4186,#3447,#3448);
#2794=AXIS2_PLACEMENT_3D('',#4192,#3452,#3453);
#2795=AXIS2_PLACEMENT_3D('',#4193,#3454,#3455);
#2796=AXIS2_PLACEMENT_3D('',#4194,#3456,#3457);
#2797=AXIS2_PLACEMENT_3D('',#4195,#3458,#3459);
#2798=AXIS2_PLACEMENT_3D('',#4198,#3460,#3461);
#2799=AXIS2_PLACEMENT_3D('',#4202,#3463,#3464);
#2800=AXIS2_PLACEMENT_3D('',#4206,#3466,#3467);
#2801=AXIS2_PLACEMENT_3D('',#4210,#3469,#3470);
#2802=AXIS2_PLACEMENT_3D('',#4212,#3472,#3473);
#2803=AXIS2_PLACEMENT_3D('',#4218,#3477,#3478);
#2804=AXIS2_PLACEMENT_3D('',#4221,#3480,#3481);
#2805=AXIS2_PLACEMENT_3D('',#4222,#3482,#3483);
#2806=AXIS2_PLACEMENT_3D('',#4226,#3486,#3487);
#2807=AXIS2_PLACEMENT_3D('',#4229,#3489,#3490);
#2808=AXIS2_PLACEMENT_3D('',#4230,#3491,#3492);
#2809=AXIS2_PLACEMENT_3D('',#4234,#3495,#3496);
#2810=AXIS2_PLACEMENT_3D('',#4237,#3498,#3499);
#2811=AXIS2_PLACEMENT_3D('',#4238,#3500,#3501);
#2812=AXIS2_PLACEMENT_3D('',#4242,#3504,#3505);
#2813=AXIS2_PLACEMENT_3D('',#4243,#3506,#3507);
#2814=AXIS2_PLACEMENT_3D('',#4244,#3508,#3509);
#2815=AXIS2_PLACEMENT_3D('',#4245,#3510,#3511);
#2816=AXIS2_PLACEMENT_3D('',#4249,#3513,#3514);
#2817=AXIS2_PLACEMENT_3D('',#4252,#3516,#3517);
#2818=AXIS2_PLACEMENT_3D('',#4253,#3518,#3519);
#2819=AXIS2_PLACEMENT_3D('',#4255,#3521,#3522);
#2820=AXIS2_PLACEMENT_3D('',#4257,#3524,#3525);
#2821=AXIS2_PLACEMENT_3D('',#4259,#3527,#3528);
#2822=DIRECTION('axis',(0.,0.,1.));
#2823=DIRECTION('refdir',(1.,0.,0.));
#2824=DIRECTION('center_axis',(0.,1.11022302462516E-15,-1.));
#2825=DIRECTION('ref_axis',(0.,-1.,-1.11022302462516E-15));
#2826=DIRECTION('',(0.,1.,1.11022302462516E-15));
#2827=DIRECTION('',(-1.,0.,0.));
#2828=DIRECTION('',(0.,-1.,-1.11022302462516E-15));
#2829=DIRECTION('',(-1.,0.,0.));
#2830=DIRECTION('center_axis',(0.,1.,0.));
#2831=DIRECTION('ref_axis',(0.,0.,-1.));
#2832=DIRECTION('',(0.,0.,1.));
#2833=DIRECTION('',(0.,0.,-1.));
#2834=DIRECTION('',(-1.,0.,0.));
#2835=DIRECTION('center_axis',(0.,-1.66533453693773E-15,1.));
#2836=DIRECTION('ref_axis',(0.,1.,1.66533453693773E-15));
#2837=DIRECTION('',(0.,-1.,-1.66533453693773E-15));
#2838=DIRECTION('',(0.,1.,1.66533453693773E-15));
#2839=DIRECTION('',(-1.,0.,0.));
#2840=DIRECTION('center_axis',(0.,-1.,0.));
#2841=DIRECTION('ref_axis',(0.,0.,1.));
#2842=DIRECTION('',(0.,0.,-1.));
#2843=DIRECTION('',(0.,0.,1.));
#2844=DIRECTION('center_axis',(0.,-1.,0.));
#2845=DIRECTION('ref_axis',(0.,0.,1.));
#2846=DIRECTION('',(0.,0.,-1.));
#2847=DIRECTION('',(-1.,0.,0.));
#2848=DIRECTION('',(0.,0.,1.));
#2849=DIRECTION('',(-1.,0.,0.));
#2850=DIRECTION('center_axis',(0.,0.,-1.));
#2851=DIRECTION('ref_axis',(0.,-1.,0.));
#2852=DIRECTION('',(0.,1.,0.));
#2853=DIRECTION('',(0.,-1.,0.));
#2854=DIRECTION('',(-1.,0.,0.));
#2855=DIRECTION('center_axis',(0.,1.,0.));
#2856=DIRECTION('ref_axis',(0.,0.,-1.));
#2857=DIRECTION('',(0.,0.,1.));
#2858=DIRECTION('',(0.,0.,-1.));
#2859=DIRECTION('',(-1.,0.,0.));
#2860=DIRECTION('center_axis',(0.,0.,1.));
#2861=DIRECTION('ref_axis',(0.,1.,0.));
#2862=DIRECTION('',(0.,-1.,0.));
#2863=DIRECTION('',(0.,1.,0.));
#2864=DIRECTION('center_axis',(0.,-1.,0.));
#2865=DIRECTION('ref_axis',(0.,0.,1.));
#2866=DIRECTION('',(0.,0.,-1.));
#2867=DIRECTION('',(-1.,0.,0.));
#2868=DIRECTION('',(0.,0.,1.));
#2869=DIRECTION('',(-1.,0.,0.));
#2870=DIRECTION('center_axis',(0.,0.,-1.));
#2871=DIRECTION('ref_axis',(0.,-1.,0.));
#2872=DIRECTION('',(0.,1.,0.));
#2873=DIRECTION('',(0.,-1.,0.));
#2874=DIRECTION('',(-1.,0.,0.));
#2875=DIRECTION('center_axis',(0.,1.,0.));
#2876=DIRECTION('ref_axis',(0.,0.,-1.));
#2877=DIRECTION('',(0.,0.,1.));
#2878=DIRECTION('',(0.,0.,-1.));
#2879=DIRECTION('',(-1.,0.,0.));
#2880=DIRECTION('center_axis',(0.,0.,1.));
#2881=DIRECTION('ref_axis',(0.,1.,0.));
#2882=DIRECTION('',(0.,-1.,0.));
#2883=DIRECTION('',(0.,1.,0.));
#2884=DIRECTION('center_axis',(0.,-1.,0.));
#2885=DIRECTION('ref_axis',(0.,0.,-1.));
#2886=DIRECTION('',(0.,0.,1.));
#2887=DIRECTION('',(1.,0.,0.));
#2888=DIRECTION('',(0.,0.,-1.));
#2889=DIRECTION('',(1.,0.,0.));
#2890=DIRECTION('center_axis',(0.,0.,1.));
#2891=DIRECTION('ref_axis',(0.,-1.,0.));
#2892=DIRECTION('',(1.12958737970583E-16,1.,0.));
#2893=DIRECTION('',(-1.12958737970583E-16,-1.,0.));
#2894=DIRECTION('',(1.,0.,0.));
#2895=DIRECTION('center_axis',(0.,1.,0.));
#2896=DIRECTION('ref_axis',(0.,0.,1.));
#2897=DIRECTION('',(0.,0.,-1.));
#2898=DIRECTION('',(0.,0.,1.));
#2899=DIRECTION('',(1.,0.,0.));
#2900=DIRECTION('center_axis',(0.,0.,-1.));
#2901=DIRECTION('ref_axis',(0.,1.,0.));
#2902=DIRECTION('',(-1.12958737970583E-16,-1.,0.));
#2903=DIRECTION('',(1.12958737970583E-16,1.,0.));
#2904=DIRECTION('center_axis',(0.,-1.,0.));
#2905=DIRECTION('ref_axis',(0.,0.,-1.));
#2906=DIRECTION('',(0.,0.,1.));
#2907=DIRECTION('',(1.,0.,0.));
#2908=DIRECTION('',(0.,0.,-1.));
#2909=DIRECTION('',(1.,0.,0.));
#2910=DIRECTION('center_axis',(0.,1.11022302462516E-15,1.));
#2911=DIRECTION('ref_axis',(0.,-1.,1.11022302462516E-15));
#2912=DIRECTION('',(1.12958737970583E-16,1.,-1.11022302462516E-15));
#2913=DIRECTION('',(-1.12958737970583E-16,-1.,1.11022302462516E-15));
#2914=DIRECTION('',(1.,0.,0.));
#2915=DIRECTION('center_axis',(0.,1.,0.));
#2916=DIRECTION('ref_axis',(0.,0.,1.));
#2917=DIRECTION('',(0.,0.,-1.));
#2918=DIRECTION('',(0.,0.,1.));
#2919=DIRECTION('',(1.,0.,0.));
#2920=DIRECTION('center_axis',(0.,-1.11022302462516E-15,-1.));
#2921=DIRECTION('ref_axis',(0.,1.,-1.11022302462516E-15));
#2922=DIRECTION('',(-1.12958737970583E-16,-1.,1.11022302462516E-15));
#2923=DIRECTION('',(1.12958737970583E-16,1.,-1.11022302462516E-15));
#2924=DIRECTION('center_axis',(0.,-1.,8.88178419700125E-16));
#2925=DIRECTION('ref_axis',(0.,-8.88178419700125E-16,-1.));
#2926=DIRECTION('',(1.00327513382033E-31,8.88178419700125E-16,1.));
#2927=DIRECTION('',(1.,0.,0.));
#2928=DIRECTION('',(-1.00327513382033E-31,-8.88178419700125E-16,-1.));
#2929=DIRECTION('',(1.,0.,0.));
#2930=DIRECTION('center_axis',(0.,4.44089209850063E-15,1.));
#2931=DIRECTION('ref_axis',(0.,-1.,4.44089209850063E-15));
#2932=DIRECTION('',(1.12958737970583E-16,1.,-4.44089209850063E-15));
#2933=DIRECTION('',(-1.12958737970583E-16,-1.,4.44089209850063E-15));
#2934=DIRECTION('',(1.,0.,0.));
#2935=DIRECTION('center_axis',(0.,1.,0.));
#2936=DIRECTION('ref_axis',(0.,0.,1.));
#2937=DIRECTION('',(0.,0.,-1.));
#2938=DIRECTION('',(0.,0.,1.));
#2939=DIRECTION('',(1.,0.,0.));
#2940=DIRECTION('center_axis',(0.,-4.44089209850062E-15,-1.));
#2941=DIRECTION('ref_axis',(0.,1.,-4.44089209850062E-15));
#2942=DIRECTION('',(-1.12958737970583E-16,-1.,4.44089209850062E-15));
#2943=DIRECTION('',(1.12958737970583E-16,1.,-4.44089209850062E-15));
#2944=DIRECTION('center_axis',(-1.,0.,0.));
#2945=DIRECTION('ref_axis',(0.,0.,-1.));
#2946=DIRECTION('',(0.,0.,1.));
#2947=DIRECTION('',(0.,-1.,0.));
#2948=DIRECTION('',(0.,0.,-1.));
#2949=DIRECTION('',(0.,-1.,0.));
#2950=DIRECTION('center_axis',(1.86984930463184E-15,0.,1.));
#2951=DIRECTION('ref_axis',(-1.,0.,1.86984930463184E-15));
#2952=DIRECTION('',(1.,0.,-1.86984930463184E-15));
#2953=DIRECTION('',(-1.,0.,1.86984930463184E-15));
#2954=DIRECTION('',(0.,-1.,0.));
#2955=DIRECTION('center_axis',(1.,0.,0.));
#2956=DIRECTION('ref_axis',(0.,0.,1.));
#2957=DIRECTION('',(0.,0.,-1.));
#2958=DIRECTION('',(0.,0.,1.));
#2959=DIRECTION('',(0.,-1.,0.));
#2960=DIRECTION('center_axis',(-1.86984930463184E-15,0.,-1.));
#2961=DIRECTION('ref_axis',(1.,0.,-1.86984930463184E-15));
#2962=DIRECTION('',(-1.,0.,1.86984930463184E-15));
#2963=DIRECTION('',(1.,0.,-1.86984930463184E-15));
#2964=DIRECTION('center_axis',(0.707106781186554,0.,0.707106781186541));
#2965=DIRECTION('ref_axis',(0.707106781186541,0.,-0.707106781186554));
#2966=DIRECTION('',(-0.707106781186541,0.,0.707106781186554));
#2967=DIRECTION('',(0.,-1.,0.));
#2968=DIRECTION('',(0.707106781186541,-1.3084103822365E-15,-0.707106781186554));
#2969=DIRECTION('',(0.,1.,0.));
#2970=DIRECTION('center_axis',(0.,0.,-1.));
#2971=DIRECTION('ref_axis',(1.,6.3441315692865E-15,0.));
#2972=DIRECTION('',(0.,-0.70710678118655,0.707106781186545));
#2973=DIRECTION('center_axis',(0.,0.,-1.));
#2974=DIRECTION('ref_axis',(1.,6.3441315692865E-15,0.));
#2975=DIRECTION('center_axis',(0.,0.,1.));
#2976=DIRECTION('ref_axis',(1.,6.3441315692865E-15,0.));
#2977=DIRECTION('center_axis',(-1.51699754462197E-16,0.707106781186533,
0.707106781186562));
#2978=DIRECTION('ref_axis',(1.,0.,2.14535850169104E-16));
#2979=DIRECTION('',(0.,-0.707106781186551,0.707106781186544));
#2980=DIRECTION('',(1.,2.14535850169112E-16,0.));
#2981=DIRECTION('',(-1.,-2.14535850169112E-16,0.));
#2982=DIRECTION('center_axis',(0.,0.,-1.));
#2983=DIRECTION('ref_axis',(-4.85722573273504E-15,1.,0.));
#2984=DIRECTION('',(0.707106781186552,0.,0.707106781186543));
#2985=DIRECTION('center_axis',(0.,0.,-1.));
#2986=DIRECTION('ref_axis',(-4.85722573273504E-15,1.,0.));
#2987=DIRECTION('center_axis',(0.,0.,1.));
#2988=DIRECTION('ref_axis',(-4.85722573273504E-15,1.,0.));
#2989=DIRECTION('center_axis',(-0.707106781186547,3.99369448066367E-17,
0.707106781186548));
#2990=DIRECTION('ref_axis',(0.707106781186548,0.,0.707106781186547));
#2991=DIRECTION('',(0.707106781186548,0.,0.707106781186547));
#2992=DIRECTION('',(5.64793689852914E-17,1.,0.));
#2993=DIRECTION('',(-5.64793689852914E-17,-1.,0.));
#2994=DIRECTION('center_axis',(0.,0.,-1.));
#2995=DIRECTION('ref_axis',(-1.,1.78428700386186E-15,0.));
#2996=DIRECTION('',(-6.54205191118239E-16,0.707106781186547,0.707106781186548));
#2997=DIRECTION('center_axis',(0.,0.,-1.));
#2998=DIRECTION('ref_axis',(-1.,1.78428700386186E-15,0.));
#2999=DIRECTION('center_axis',(0.,0.,1.));
#3000=DIRECTION('ref_axis',(-1.,1.78428700386186E-15,0.));
#3001=DIRECTION('center_axis',(-7.11092599041563E-18,-0.707106781186545,
0.70710678118655));
#3002=DIRECTION('ref_axis',(1.,0.,1.00563679766771E-17));
#3003=DIRECTION('',(0.,0.70710678118655,0.707106781186545));
#3004=DIRECTION('',(-1.,1.00563679766771E-17,0.));
#3005=DIRECTION('',(1.,-1.00563679766771E-17,0.));
#3006=DIRECTION('center_axis',(0.,0.,-1.));
#3007=DIRECTION('ref_axis',(0.,-1.,0.));
#3008=DIRECTION('center_axis',(0.,0.,-1.));
#3009=DIRECTION('ref_axis',(0.,-1.,0.));
#3010=DIRECTION('center_axis',(0.,0.,1.));
#3011=DIRECTION('ref_axis',(0.,-1.,0.));
#3012=DIRECTION('center_axis',(0.,0.,1.));
#3013=DIRECTION('ref_axis',(-4.85722573273504E-15,1.,0.));
#3014=DIRECTION('',(0.,0.,1.));
#3015=DIRECTION('center_axis',(0.,0.,-1.));
#3016=DIRECTION('ref_axis',(-4.85722573273504E-15,1.,0.));
#3017=DIRECTION('',(0.,0.,1.));
#3018=DIRECTION('center_axis',(-2.14535850169112E-16,1.,0.));
#3019=DIRECTION('ref_axis',(-1.,-2.14535850169112E-16,0.));
#3020=DIRECTION('',(0.,0.,1.));
#3021=DIRECTION('',(1.,2.14535850169112E-16,0.));
#3022=DIRECTION('center_axis',(0.,0.,1.));
#3023=DIRECTION('ref_axis',(1.,6.3441315692865E-15,0.));
#3024=DIRECTION('',(0.,0.,1.));
#3025=DIRECTION('center_axis',(0.,0.,-1.));
#3026=DIRECTION('ref_axis',(1.,6.3441315692865E-15,0.));
#3027=DIRECTION('center_axis',(1.,0.,0.));
#3028=DIRECTION('ref_axis',(0.,1.,0.));
#3029=DIRECTION('',(0.,0.,1.));
#3030=DIRECTION('',(0.,-1.,0.));
#3031=DIRECTION('center_axis',(0.,0.,1.));
#3032=DIRECTION('ref_axis',(-1.,0.,0.));
#3033=DIRECTION('center_axis',(0.,0.,-1.));
#3034=DIRECTION('ref_axis',(1.,1.11022302462513E-14,0.));
#3035=DIRECTION('',(0.,-1.,0.));
#3036=DIRECTION('center_axis',(0.,0.,-1.));
#3037=DIRECTION('ref_axis',(0.,-1.,0.));
#3038=DIRECTION('',(-1.,2.01127359533543E-17,0.));
#3039=DIRECTION('center_axis',(0.,0.,-1.));
#3040=DIRECTION('ref_axis',(-1.,3.12250225675826E-15,0.));
#3041=DIRECTION('',(1.43215542784132E-16,1.,0.));
#3042=DIRECTION('center_axis',(0.,0.,-1.));
#3043=DIRECTION('ref_axis',(-8.5001450322863E-15,1.,0.));
#3044=DIRECTION('',(1.,1.07267925084556E-16,0.));
#3045=DIRECTION('center_axis',(0.,0.,1.));
#3046=DIRECTION('ref_axis',(0.,-1.,0.));
#3047=DIRECTION('',(0.,0.,1.));
#3048=DIRECTION('center_axis',(0.,0.,-1.));
#3049=DIRECTION('ref_axis',(0.,-1.,0.));
#3050=DIRECTION('center_axis',(-1.00563679766771E-17,-1.,0.));
#3051=DIRECTION('ref_axis',(1.,-1.00563679766771E-17,0.));
#3052=DIRECTION('',(0.,0.,1.));
#3053=DIRECTION('',(-1.,1.00563679766771E-17,0.));
#3054=DIRECTION('center_axis',(0.,0.,1.));
#3055=DIRECTION('ref_axis',(-1.,1.78428700386186E-15,0.));
#3056=DIRECTION('',(0.,0.,1.));
#3057=DIRECTION('center_axis',(0.,0.,-1.));
#3058=DIRECTION('ref_axis',(-1.,1.78428700386186E-15,0.));
#3059=DIRECTION('center_axis',(-1.,5.64793689852914E-17,0.));
#3060=DIRECTION('ref_axis',(-5.64793689852914E-17,-1.,0.));
#3061=DIRECTION('',(5.64793689852914E-17,1.,0.));
#3062=DIRECTION('center_axis',(0.,0.,1.));
#3063=DIRECTION('ref_axis',(1.,0.,0.));
#3064=DIRECTION('center_axis',(0.,0.,1.));
#3065=DIRECTION('ref_axis',(4.4408920985006E-15,-1.,0.));
#3066=DIRECTION('',(0.,1.,0.));
#3067=DIRECTION('center_axis',(0.,0.,1.));
#3068=DIRECTION('ref_axis',(1.,2.2204460492503E-15,0.));
#3069=DIRECTION('',(-1.,0.,0.));
#3070=DIRECTION('center_axis',(0.,0.,1.));
#3071=DIRECTION('ref_axis',(-2.91433543964103E-15,1.,0.));
#3072=DIRECTION('',(-1.12958737970583E-16,-1.,0.));
#3073=DIRECTION('center_axis',(0.,0.,1.));
#3074=DIRECTION('ref_axis',(-1.,1.2490009027033E-15,0.));
#3075=DIRECTION('',(1.,-1.00563679766771E-17,0.));
#3076=DIRECTION('center_axis',(0.,1.,0.));
#3077=DIRECTION('ref_axis',(-1.,0.,0.));
#3078=DIRECTION('',(0.,0.,1.));
#3079=DIRECTION('',(0.,0.,1.));
#3080=DIRECTION('center_axis',(0.,0.,1.));
#3081=DIRECTION('ref_axis',(-2.91433543964103E-15,1.,0.));
#3082=DIRECTION('',(0.,0.,1.));
#3083=DIRECTION('center_axis',(-1.,1.12958737970583E-16,0.));
#3084=DIRECTION('ref_axis',(-1.12958737970583E-16,-1.,0.));
#3085=DIRECTION('',(0.,0.,1.));
#3086=DIRECTION('center_axis',(0.,0.,1.));
#3087=DIRECTION('ref_axis',(-1.,1.2490009027033E-15,0.));
#3088=DIRECTION('',(0.,0.,1.));
#3089=DIRECTION('center_axis',(-1.00563679766771E-17,-1.,0.));
#3090=DIRECTION('ref_axis',(1.,-1.00563679766771E-17,0.));
#3091=DIRECTION('',(0.,0.,1.));
#3092=DIRECTION('center_axis',(0.,0.,1.));
#3093=DIRECTION('ref_axis',(4.4408920985006E-15,-1.,0.));
#3094=DIRECTION('',(0.,0.,1.));
#3095=DIRECTION('center_axis',(1.,0.,0.));
#3096=DIRECTION('ref_axis',(0.,1.,0.));
#3097=DIRECTION('',(0.,0.,1.));
#3098=DIRECTION('center_axis',(0.,0.,1.));
#3099=DIRECTION('ref_axis',(1.,2.2204460492503E-15,0.));
#3100=DIRECTION('center_axis',(0.,0.,1.));
#3101=DIRECTION('ref_axis',(1.,0.,0.));
#3102=DIRECTION('center_axis',(0.,0.,1.));
#3103=DIRECTION('ref_axis',(4.4408920985006E-15,-1.,0.));
#3104=DIRECTION('',(1.,-1.00563679766771E-17,0.));
#3105=DIRECTION('center_axis',(0.,0.,1.));
#3106=DIRECTION('ref_axis',(-1.,1.2490009027033E-15,0.));
#3107=DIRECTION('',(-1.12958737970583E-16,-1.,0.));
#3108=DIRECTION('center_axis',(0.,0.,1.));
#3109=DIRECTION('ref_axis',(-2.91433543964103E-15,1.,0.));
#3110=DIRECTION('',(-1.,0.,0.));
#3111=DIRECTION('center_axis',(0.,0.,1.));
#3112=DIRECTION('ref_axis',(1.,2.2204460492503E-15,0.));
#3113=DIRECTION('',(0.,1.,0.));
#3114=DIRECTION('center_axis',(0.,1.,0.));
#3115=DIRECTION('ref_axis',(-1.,0.,0.));
#3116=DIRECTION('',(-1.,0.,0.));
#3117=DIRECTION('',(0.,0.,1.));
#3118=DIRECTION('',(0.,0.,1.));
#3119=DIRECTION('center_axis',(0.,0.,1.));
#3120=DIRECTION('ref_axis',(-2.91433543964103E-15,1.,0.));
#3121=DIRECTION('center_axis',(0.,0.,1.));
#3122=DIRECTION('ref_axis',(-2.91433543964103E-15,1.,0.));
#3123=DIRECTION('',(0.,0.,1.));
#3124=DIRECTION('center_axis',(-1.,1.12958737970583E-16,0.));
#3125=DIRECTION('ref_axis',(-1.12958737970583E-16,-1.,0.));
#3126=DIRECTION('',(-1.12958737970583E-16,-1.,0.));
#3127=DIRECTION('',(0.,0.,1.));
#3128=DIRECTION('center_axis',(0.,0.,1.));
#3129=DIRECTION('ref_axis',(-1.,1.2490009027033E-15,0.));
#3130=DIRECTION('center_axis',(0.,0.,1.));
#3131=DIRECTION('ref_axis',(-1.,1.2490009027033E-15,0.));
#3132=DIRECTION('',(0.,0.,1.));
#3133=DIRECTION('center_axis',(-1.00563679766771E-17,-1.,0.));
#3134=DIRECTION('ref_axis',(1.,-1.00563679766771E-17,0.));
#3135=DIRECTION('',(1.,-1.00563679766771E-17,0.));
#3136=DIRECTION('',(0.,0.,1.));
#3137=DIRECTION('center_axis',(0.,0.,1.));
#3138=DIRECTION('ref_axis',(4.4408920985006E-15,-1.,0.));
#3139=DIRECTION('center_axis',(0.,0.,1.));
#3140=DIRECTION('ref_axis',(4.4408920985006E-15,-1.,0.));
#3141=DIRECTION('',(0.,0.,1.));
#3142=DIRECTION('center_axis',(1.,0.,0.));
#3143=DIRECTION('ref_axis',(0.,1.,0.));
#3144=DIRECTION('',(0.,1.,0.));
#3145=DIRECTION('',(0.,0.,1.));
#3146=DIRECTION('center_axis',(0.,0.,1.));
#3147=DIRECTION('ref_axis',(1.,2.2204460492503E-15,0.));
#3148=DIRECTION('center_axis',(0.,0.,1.));
#3149=DIRECTION('ref_axis',(1.,2.2204460492503E-15,0.));
#3150=DIRECTION('center_axis',(0.,0.,1.));
#3151=DIRECTION('ref_axis',(1.,0.,0.));
#3152=DIRECTION('center_axis',(-1.,8.22387425648264E-17,0.));
#3153=DIRECTION('ref_axis',(0.,0.70710678118655,0.707106781186545));
#3154=DIRECTION('',(1.,-8.22387425648264E-17,0.));
#3155=DIRECTION('center_axis',(-0.707106781186549,-0.707106781186546,7.85046229341888E-16));
#3156=DIRECTION('ref_axis',(0.707106781186546,-0.707106781186549,7.85046229341892E-16));
#3157=DIRECTION('',(-1.,8.22387425648264E-17,0.));
#3158=DIRECTION('center_axis',(-0.707106781186549,0.707106781186546,7.85046229341889E-16));
#3159=DIRECTION('ref_axis',(-0.707106781186546,-0.707106781186549,7.85046229341885E-16));
#3160=DIRECTION('center_axis',(0.,-1.,0.));
#3161=DIRECTION('ref_axis',(-0.707106781186541,0.,0.707106781186554));
#3162=DIRECTION('',(0.,1.,0.));
#3163=DIRECTION('center_axis',(0.707106781186548,-0.707106781186548,0.));
#3164=DIRECTION('ref_axis',(0.707106781186548,0.707106781186548,0.));
#3165=DIRECTION('',(0.,-1.,0.));
#3166=DIRECTION('center_axis',(0.,1.,0.));
#3167=DIRECTION('ref_axis',(0.707106781186548,0.,0.707106781186548));
#3168=DIRECTION('',(0.,1.,0.));
#3169=DIRECTION('center_axis',(-0.707106781186548,-0.707106781186548,0.));
#3170=DIRECTION('ref_axis',(0.707106781186548,-0.707106781186548,0.));
#3171=DIRECTION('',(0.,-1.,0.));
#3172=DIRECTION('center_axis',(1.,0.,0.));
#3173=DIRECTION('ref_axis',(0.,-0.707106781186548,0.707106781186548));
#3174=DIRECTION('',(-1.,0.,0.));
#3175=DIRECTION('',(1.,0.,0.));
#3176=DIRECTION('center_axis',(-1.,0.,0.));
#3177=DIRECTION('ref_axis',(0.,1.,0.));
#3178=DIRECTION('',(0.,0.,-1.));
#3179=DIRECTION('',(0.,-1.,0.));
#3180=DIRECTION('',(0.,0.,-1.));
#3181=DIRECTION('center_axis',(-8.22387425648264E-17,-1.,0.));
#3182=DIRECTION('ref_axis',(-1.,8.22387425648264E-17,0.));
#3183=DIRECTION('',(0.,0.,-1.));
#3184=DIRECTION('',(1.,-8.22387425648264E-17,0.));
#3185=DIRECTION('center_axis',(0.,0.,1.));
#3186=DIRECTION('ref_axis',(1.,0.,0.));
#3187=DIRECTION('',(1.,0.,0.));
#3188=DIRECTION('center_axis',(0.,0.,-1.));
#3189=DIRECTION('ref_axis',(-0.707106781186549,0.707106781186546,0.));
#3190=DIRECTION('',(1.12958737970583E-16,1.,0.));
#3191=DIRECTION('center_axis',(0.,0.,-1.));
#3192=DIRECTION('ref_axis',(-0.707106781186548,-0.707106781186547,0.));
#3193=DIRECTION('',(-1.,1.00563679766771E-17,0.));
#3194=DIRECTION('center_axis',(0.,0.,-1.));
#3195=DIRECTION('ref_axis',(0.707106781186547,-0.707106781186548,0.));
#3196=DIRECTION('',(0.,-1.,0.));
#3197=DIRECTION('center_axis',(0.,0.,-1.));
#3198=DIRECTION('ref_axis',(0.70710678118655,0.707106781186545,0.));
#3199=DIRECTION('center_axis',(0.,0.,-1.));
#3200=DIRECTION('ref_axis',(-1.,0.,0.));
#3201=DIRECTION('center_axis',(0.,0.,-1.));
#3202=DIRECTION('ref_axis',(-1.,0.,0.));
#3203=DIRECTION('center_axis',(0.,0.,-1.));
#3204=DIRECTION('ref_axis',(-1.,0.,0.));
#3205=DIRECTION('',(0.,1.,0.));
#3206=DIRECTION('',(1.,0.,0.));
#3207=DIRECTION('',(0.,-1.,0.));
#3208=DIRECTION('',(-1.,0.,0.));
#3209=DIRECTION('',(0.,-1.,0.));
#3210=DIRECTION('',(-1.,0.,0.));
#3211=DIRECTION('',(0.,1.,0.));
#3212=DIRECTION('',(1.,0.,0.));
#3213=DIRECTION('',(0.,-1.,0.));
#3214=DIRECTION('',(-1.,0.,0.));
#3215=DIRECTION('',(0.,1.,0.));
#3216=DIRECTION('',(1.,0.,0.));
#3217=DIRECTION('',(0.,1.,0.));
#3218=DIRECTION('',(1.,0.,0.));
#3219=DIRECTION('',(0.,-1.,0.));
#3220=DIRECTION('',(-1.,0.,0.));
#3221=DIRECTION('',(-1.,0.,0.));
#3222=DIRECTION('',(0.,1.,0.));
#3223=DIRECTION('',(1.,0.,0.));
#3224=DIRECTION('',(0.,-1.,0.));
#3225=DIRECTION('',(0.,1.,0.));
#3226=DIRECTION('',(1.,0.,0.));
#3227=DIRECTION('',(0.,-1.,0.));
#3228=DIRECTION('',(-1.,0.,0.));
#3229=DIRECTION('center_axis',(-1.,0.,0.));
#3230=DIRECTION('ref_axis',(0.,0.70710678118655,0.707106781186545));
#3231=DIRECTION('center_axis',(-1.,0.,0.));
#3232=DIRECTION('ref_axis',(0.,0.,1.));
#3233=DIRECTION('',(-1.,0.,0.));
#3234=DIRECTION('center_axis',(1.,1.85037170770859E-16,0.));
#3235=DIRECTION('ref_axis',(-1.85037170770859E-16,1.,0.));
#3236=DIRECTION('center_axis',(0.,0.,1.));
#3237=DIRECTION('ref_axis',(1.,0.,0.));
#3238=DIRECTION('center_axis',(0.,1.,0.));
#3239=DIRECTION('ref_axis',(-1.,0.,0.));
#3240=DIRECTION('center_axis',(0.,0.,1.));
#3241=DIRECTION('ref_axis',(-0.707106781186549,0.707106781186546,0.));
#3242=DIRECTION('center_axis',(-1.12958737970583E-16,-1.,0.));
#3243=DIRECTION('ref_axis',(-0.707106781186549,0.,0.707106781186546));
#3244=DIRECTION('center_axis',(0.,1.,0.));
#3245=DIRECTION('ref_axis',(-1.,0.,0.));
#3246=DIRECTION('',(-1.12958737970583E-16,-1.,0.));
#3247=DIRECTION('center_axis',(0.,0.,1.));
#3248=DIRECTION('ref_axis',(1.,0.,0.));
#3249=DIRECTION('center_axis',(-1.,-3.70074341541719E-16,0.));
#3250=DIRECTION('ref_axis',(3.70074341541719E-16,-1.,0.));
#3251=DIRECTION('center_axis',(0.,0.,1.));
#3252=DIRECTION('ref_axis',(-0.707106781186548,-0.707106781186547,0.));
#3253=DIRECTION('center_axis',(1.,-1.00563679766771E-17,0.));
#3254=DIRECTION('ref_axis',(0.,-0.707106781186549,0.707106781186546));
#3255=DIRECTION('center_axis',(-1.,0.,0.));
#3256=DIRECTION('ref_axis',(0.,-1.,0.));
#3257=DIRECTION('',(1.,-1.00563679766771E-17,0.));
#3258=DIRECTION('center_axis',(0.,0.,1.));
#3259=DIRECTION('ref_axis',(1.,0.,0.));
#3260=DIRECTION('center_axis',(-5.73615229389663E-15,-1.,0.));
#3261=DIRECTION('ref_axis',(1.,-5.73615229389663E-15,0.));
#3262=DIRECTION('center_axis',(0.,0.,1.));
#3263=DIRECTION('ref_axis',(0.707106781186547,-0.707106781186548,0.));
#3264=DIRECTION('center_axis',(0.,1.,0.));
#3265=DIRECTION('ref_axis',(0.707106781186554,0.,0.707106781186541));
#3266=DIRECTION('center_axis',(0.,-1.,0.));
#3267=DIRECTION('ref_axis',(1.,0.,0.));
#3268=DIRECTION('',(0.,1.,0.));
#3269=DIRECTION('center_axis',(0.,0.,1.));
#3270=DIRECTION('ref_axis',(1.,0.,0.));
#3271=DIRECTION('center_axis',(0.,0.,1.));
#3272=DIRECTION('ref_axis',(0.70710678118655,0.707106781186545,0.));
#3273=DIRECTION('center_axis',(0.,0.,1.));
#3274=DIRECTION('ref_axis',(-1.,1.2490009027033E-15,0.));
#3275=DIRECTION('',(0.,0.,1.));
#3276=DIRECTION('center_axis',(0.,0.,1.));
#3277=DIRECTION('ref_axis',(-1.,1.2490009027033E-15,0.));
#3278=DIRECTION('',(0.,0.,1.));
#3279=DIRECTION('center_axis',(-1.,1.12958737970583E-16,0.));
#3280=DIRECTION('ref_axis',(-1.12958737970583E-16,-1.,0.));
#3281=DIRECTION('',(0.,0.,1.));
#3282=DIRECTION('',(-1.12958737970583E-16,-1.,0.));
#3283=DIRECTION('center_axis',(0.,0.,1.));
#3284=DIRECTION('ref_axis',(-2.91433543964103E-15,1.,0.));
#3285=DIRECTION('',(0.,0.,1.));
#3286=DIRECTION('center_axis',(0.,0.,1.));
#3287=DIRECTION('ref_axis',(-2.91433543964103E-15,1.,0.));
#3288=DIRECTION('center_axis',(0.,1.,0.));
#3289=DIRECTION('ref_axis',(-1.,0.,0.));
#3290=DIRECTION('',(0.,0.,1.));
#3291=DIRECTION('',(-1.,0.,0.));
#3292=DIRECTION('center_axis',(1.,0.,0.));
#3293=DIRECTION('ref_axis',(0.,-1.,0.));
#3294=DIRECTION('',(0.,1.,0.));
#3295=DIRECTION('',(0.,0.,-1.));
#3296=DIRECTION('',(0.,0.,-1.));
#3297=DIRECTION('center_axis',(0.,1.,0.));
#3298=DIRECTION('ref_axis',(1.,0.,0.));
#3299=DIRECTION('',(-1.,0.,0.));
#3300=DIRECTION('',(0.,0.,-1.));
#3301=DIRECTION('center_axis',(-1.,0.,0.));
#3302=DIRECTION('ref_axis',(0.,1.,0.));
#3303=DIRECTION('',(0.,-1.,0.));
#3304=DIRECTION('',(0.,0.,-1.));
#3305=DIRECTION('center_axis',(0.,-1.,0.));
#3306=DIRECTION('ref_axis',(-1.,0.,0.));
#3307=DIRECTION('',(1.,0.,0.));
#3308=DIRECTION('center_axis',(0.,1.,0.));
#3309=DIRECTION('ref_axis',(1.,0.,0.));
#3310=DIRECTION('',(-1.,0.,0.));
#3311=DIRECTION('',(0.,0.,-1.));
#3312=DIRECTION('',(0.,0.,-1.));
#3313=DIRECTION('center_axis',(-1.,0.,0.));
#3314=DIRECTION('ref_axis',(0.,1.,0.));
#3315=DIRECTION('',(0.,-1.,0.));
#3316=DIRECTION('',(0.,0.,-1.));
#3317=DIRECTION('center_axis',(0.,-1.,0.));
#3318=DIRECTION('ref_axis',(-1.,0.,0.));
#3319=DIRECTION('',(1.,0.,0.));
#3320=DIRECTION('',(0.,0.,-1.));
#3321=DIRECTION('center_axis',(1.,0.,0.));
#3322=DIRECTION('ref_axis',(0.,-1.,0.));
#3323=DIRECTION('',(0.,1.,0.));
#3324=DIRECTION('center_axis',(1.,0.,0.));
#3325=DIRECTION('ref_axis',(0.,-1.,0.));
#3326=DIRECTION('',(0.,1.,0.));
#3327=DIRECTION('',(0.,0.,-1.));
#3328=DIRECTION('',(0.,0.,-1.));
#3329=DIRECTION('center_axis',(0.,1.,0.));
#3330=DIRECTION('ref_axis',(1.,0.,0.));
#3331=DIRECTION('',(-1.,0.,0.));
#3332=DIRECTION('',(0.,0.,-1.));
#3333=DIRECTION('center_axis',(-1.,0.,0.));
#3334=DIRECTION('ref_axis',(0.,1.,0.));
#3335=DIRECTION('',(0.,-1.,0.));
#3336=DIRECTION('',(0.,0.,-1.));
#3337=DIRECTION('center_axis',(0.,-1.,0.));
#3338=DIRECTION('ref_axis',(-1.,0.,0.));
#3339=DIRECTION('',(1.,0.,0.));
#3340=DIRECTION('center_axis',(-1.,0.,0.));
#3341=DIRECTION('ref_axis',(0.,1.,0.));
#3342=DIRECTION('',(0.,-1.,0.));
#3343=DIRECTION('',(0.,0.,-1.));
#3344=DIRECTION('',(0.,0.,-1.));
#3345=DIRECTION('center_axis',(0.,-1.,0.));
#3346=DIRECTION('ref_axis',(-1.,0.,0.));
#3347=DIRECTION('',(1.,0.,0.));
#3348=DIRECTION('',(0.,0.,-1.));
#3349=DIRECTION('center_axis',(1.,0.,0.));
#3350=DIRECTION('ref_axis',(0.,-1.,0.));
#3351=DIRECTION('',(0.,1.,0.));
#3352=DIRECTION('',(0.,0.,-1.));
#3353=DIRECTION('center_axis',(0.,1.,0.));
#3354=DIRECTION('ref_axis',(1.,0.,0.));
#3355=DIRECTION('',(-1.,0.,0.));
#3356=DIRECTION('center_axis',(-1.,0.,0.));
#3357=DIRECTION('ref_axis',(0.,1.,0.));
#3358=DIRECTION('',(0.,-1.,0.));
#3359=DIRECTION('',(0.,0.,-1.));
#3360=DIRECTION('',(0.,0.,-1.));
#3361=DIRECTION('center_axis',(0.,-1.,0.));
#3362=DIRECTION('ref_axis',(-1.,0.,0.));
#3363=DIRECTION('',(1.,0.,0.));
#3364=DIRECTION('',(0.,0.,-1.));
#3365=DIRECTION('center_axis',(1.,0.,0.));
#3366=DIRECTION('ref_axis',(0.,-1.,0.));
#3367=DIRECTION('',(0.,1.,0.));
#3368=DIRECTION('',(0.,0.,-1.));
#3369=DIRECTION('center_axis',(0.,1.,0.));
#3370=DIRECTION('ref_axis',(1.,0.,0.));
#3371=DIRECTION('',(-1.,0.,0.));
#3372=DIRECTION('center_axis',(1.,0.,0.));
#3373=DIRECTION('ref_axis',(0.,-1.,0.));
#3374=DIRECTION('',(0.,1.,0.));
#3375=DIRECTION('',(0.,0.,-1.));
#3376=DIRECTION('',(0.,0.,-1.));
#3377=DIRECTION('center_axis',(0.,1.,0.));
#3378=DIRECTION('ref_axis',(1.,0.,0.));
#3379=DIRECTION('',(-1.,0.,0.));
#3380=DIRECTION('',(0.,0.,-1.));
#3381=DIRECTION('center_axis',(-1.,0.,0.));
#3382=DIRECTION('ref_axis',(0.,1.,0.));
#3383=DIRECTION('',(0.,-1.,0.));
#3384=DIRECTION('',(0.,0.,-1.));
#3385=DIRECTION('center_axis',(0.,-1.,0.));
#3386=DIRECTION('ref_axis',(-1.,0.,0.));
#3387=DIRECTION('',(1.,0.,0.));
#3388=DIRECTION('center_axis',(0.,0.,-1.));
#3389=DIRECTION('ref_axis',(-1.,0.,0.));
#3390=DIRECTION('',(0.,0.,-1.));
#3391=DIRECTION('center_axis',(0.,0.,1.));
#3392=DIRECTION('ref_axis',(-1.,0.,0.));
#3393=DIRECTION('center_axis',(1.,0.,0.));
#3394=DIRECTION('ref_axis',(0.,-1.,0.));
#3395=DIRECTION('',(0.,0.,-1.));
#3396=DIRECTION('',(0.,1.,0.));
#3397=DIRECTION('center_axis',(0.,1.,0.));
#3398=DIRECTION('ref_axis',(1.,0.,0.));
#3399=DIRECTION('',(-1.,0.,0.));
#3400=DIRECTION('center_axis',(0.,0.,-1.));
#3401=DIRECTION('ref_axis',(-1.,0.,0.));
#3402=DIRECTION('',(0.,0.,-1.));
#3403=DIRECTION('center_axis',(0.,0.,1.));
#3404=DIRECTION('ref_axis',(-1.,0.,0.));
#3405=DIRECTION('center_axis',(0.,0.,-1.));
#3406=DIRECTION('ref_axis',(-1.,0.,0.));
#3407=DIRECTION('',(0.,0.,-1.));
#3408=DIRECTION('center_axis',(0.,0.,1.));
#3409=DIRECTION('ref_axis',(-1.,0.,0.));
#3410=DIRECTION('center_axis',(-2.14535850169112E-16,1.,0.));
#3411=DIRECTION('ref_axis',(-1.,-2.14535850169112E-16,0.));
#3412=DIRECTION('',(-1.,-2.14535850169112E-16,0.));
#3413=DIRECTION('',(0.,0.,1.));
#3414=DIRECTION('',(-1.,-2.14535850169112E-16,0.));
#3415=DIRECTION('',(0.,0.,1.));
#3416=DIRECTION('center_axis',(0.,0.,1.));
#3417=DIRECTION('ref_axis',(1.74723623547564E-14,1.,0.));
#3418=DIRECTION('center_axis',(0.,0.,1.));
#3419=DIRECTION('ref_axis',(1.74723623547564E-14,1.,0.));
#3420=DIRECTION('',(0.,0.,1.));
#3421=DIRECTION('center_axis',(0.,0.,1.));
#3422=DIRECTION('ref_axis',(1.74723623547564E-14,1.,0.));
#3423=DIRECTION('center_axis',(1.,0.,0.));
#3424=DIRECTION('ref_axis',(0.,1.,0.));
#3425=DIRECTION('',(0.,1.,0.));
#3426=DIRECTION('',(0.,0.,1.));
#3427=DIRECTION('',(0.,1.,0.));
#3428=DIRECTION('center_axis',(0.,0.,1.));
#3429=DIRECTION('ref_axis',(1.,1.82003774528714E-16,0.));
#3430=DIRECTION('center_axis',(0.,0.,1.));
#3431=DIRECTION('ref_axis',(1.,1.82003774528714E-16,0.));
#3432=DIRECTION('',(0.,0.,1.));
#3433=DIRECTION('center_axis',(0.,0.,1.));
#3434=DIRECTION('ref_axis',(1.,1.82003774528714E-16,0.));
#3435=DIRECTION('center_axis',(-1.67606132944619E-17,-1.,0.));
#3436=DIRECTION('ref_axis',(1.,-1.67606132944619E-17,0.));
#3437=DIRECTION('',(1.,-1.67606132944619E-17,0.));
#3438=DIRECTION('',(0.,0.,1.));
#3439=DIRECTION('',(1.,-1.67606132944619E-17,0.));
#3440=DIRECTION('center_axis',(0.,0.,1.));
#3441=DIRECTION('ref_axis',(1.45603019622971E-15,-1.,0.));
#3442=DIRECTION('center_axis',(0.,0.,1.));
#3443=DIRECTION('ref_axis',(1.45603019622971E-15,-1.,0.));
#3444=DIRECTION('',(0.,0.,1.));
#3445=DIRECTION('center_axis',(0.,0.,1.));
#3446=DIRECTION('ref_axis',(1.45603019622971E-15,-1.,0.));
#3447=DIRECTION('center_axis',(-1.,1.53301144388648E-16,0.));
#3448=DIRECTION('ref_axis',(-1.53301144388648E-16,-1.,0.));
#3449=DIRECTION('',(-1.53301144388648E-16,-1.,0.));
#3450=DIRECTION('',(0.,0.,1.));
#3451=DIRECTION('',(-1.53301144388648E-16,-1.,0.));
#3452=DIRECTION('center_axis',(0.,0.,1.));
#3453=DIRECTION('ref_axis',(-1.,2.91206039245942E-15,0.));
#3454=DIRECTION('center_axis',(0.,0.,1.));
#3455=DIRECTION('ref_axis',(-1.,2.91206039245942E-15,0.));
#3456=DIRECTION('center_axis',(0.,0.,1.));
#3457=DIRECTION('ref_axis',(-1.,2.91206039245942E-15,0.));
#3458=DIRECTION('center_axis',(0.,0.,-1.));
#3459=DIRECTION('ref_axis',(1.,0.,0.));
#3460=DIRECTION('center_axis',(0.,0.,-1.));
#3461=DIRECTION('ref_axis',(-2.91433543964103E-15,1.,0.));
#3462=DIRECTION('',(1.12958737970583E-16,1.,0.));
#3463=DIRECTION('center_axis',(0.,0.,-1.));
#3464=DIRECTION('ref_axis',(-1.,1.2490009027033E-15,0.));
#3465=DIRECTION('',(-1.,1.00563679766771E-17,0.));
#3466=DIRECTION('center_axis',(0.,0.,-1.));
#3467=DIRECTION('ref_axis',(4.4408920985006E-15,-1.,0.));
#3468=DIRECTION('',(0.,-1.,0.));
#3469=DIRECTION('center_axis',(0.,0.,-1.));
#3470=DIRECTION('ref_axis',(1.,2.2204460492503E-15,0.));
#3471=DIRECTION('',(1.,0.,0.));
#3472=DIRECTION('center_axis',(-1.00563679766771E-17,-1.,0.));
#3473=DIRECTION('ref_axis',(1.,-1.00563679766771E-17,0.));
#3474=DIRECTION('',(0.,0.,1.));
#3475=DIRECTION('',(-1.,1.00563679766771E-17,0.));
#3476=DIRECTION('',(0.,0.,1.));
#3477=DIRECTION('center_axis',(0.,0.,1.));
#3478=DIRECTION('ref_axis',(-1.,1.2490009027033E-15,0.));
#3479=DIRECTION('',(0.,0.,1.));
#3480=DIRECTION('center_axis',(0.,0.,-1.));
#3481=DIRECTION('ref_axis',(-1.,1.2490009027033E-15,0.));
#3482=DIRECTION('center_axis',(-1.,1.12958737970583E-16,0.));
#3483=DIRECTION('ref_axis',(-1.12958737970583E-16,-1.,0.));
#3484=DIRECTION('',(0.,0.,1.));
#3485=DIRECTION('',(1.12958737970583E-16,1.,0.));
#3486=DIRECTION('center_axis',(0.,0.,1.));
#3487=DIRECTION('ref_axis',(-2.91433543964103E-15,1.,0.));
#3488=DIRECTION('',(0.,0.,1.));
#3489=DIRECTION('center_axis',(0.,0.,-1.));
#3490=DIRECTION('ref_axis',(-2.91433543964103E-15,1.,0.));
#3491=DIRECTION('center_axis',(0.,1.,0.));
#3492=DIRECTION('ref_axis',(-1.,0.,0.));
#3493=DIRECTION('',(0.,0.,1.));
#3494=DIRECTION('',(1.,0.,0.));
#3495=DIRECTION('center_axis',(0.,0.,1.));
#3496=DIRECTION('ref_axis',(1.,2.2204460492503E-15,0.));
#3497=DIRECTION('',(0.,0.,1.));
#3498=DIRECTION('center_axis',(0.,0.,-1.));
#3499=DIRECTION('ref_axis',(1.,2.2204460492503E-15,0.));
#3500=DIRECTION('center_axis',(1.,0.,0.));
#3501=DIRECTION('ref_axis',(0.,1.,0.));
#3502=DIRECTION('',(0.,0.,1.));
#3503=DIRECTION('',(0.,-1.,0.));
#3504=DIRECTION('center_axis',(0.,0.,1.));
#3505=DIRECTION('ref_axis',(4.4408920985006E-15,-1.,0.));
#3506=DIRECTION('center_axis',(0.,0.,-1.));
#3507=DIRECTION('ref_axis',(4.4408920985006E-15,-1.,0.));
#3508=DIRECTION('center_axis',(0.,0.,1.));
#3509=DIRECTION('ref_axis',(1.,0.,0.));
#3510=DIRECTION('center_axis',(0.,0.,1.));
#3511=DIRECTION('ref_axis',(1.,0.,0.));
#3512=DIRECTION('',(1.,-1.00563679766771E-17,0.));
#3513=DIRECTION('center_axis',(0.,0.,1.));
#3514=DIRECTION('ref_axis',(1.,2.2204460492503E-15,0.));
#3515=DIRECTION('',(0.,1.,0.));
#3516=DIRECTION('center_axis',(0.,0.,1.));
#3517=DIRECTION('ref_axis',(4.4408920985006E-15,-1.,0.));
#3518=DIRECTION('center_axis',(-1.00563679766771E-17,-1.,0.));
#3519=DIRECTION('ref_axis',(1.,-1.00563679766771E-17,0.));
#3520=DIRECTION('',(0.,0.,1.));
#3521=DIRECTION('center_axis',(0.,0.,1.));
#3522=DIRECTION('ref_axis',(1.,2.2204460492503E-15,0.));
#3523=DIRECTION('',(0.,0.,1.));
#3524=DIRECTION('center_axis',(1.,0.,0.));
#3525=DIRECTION('ref_axis',(0.,1.,0.));
#3526=DIRECTION('',(0.,0.,1.));
#3527=DIRECTION('center_axis',(0.,0.,1.));
#3528=DIRECTION('ref_axis',(4.4408920985006E-15,-1.,0.));
#3529=CARTESIAN_POINT('',(0.,0.,0.));
#3530=CARTESIAN_POINT('Origin',(88.4003588239175,9.00000011920929,2.50000007450581));
#3531=CARTESIAN_POINT('',(86.0003588239175,7.00000011920929,2.5000000745058));
#3532=CARTESIAN_POINT('',(86.0003588239175,9.00000011920929,2.50000007450581));
#3533=CARTESIAN_POINT('',(86.0003588239175,5.30012043068178,2.5000000745058));
#3534=CARTESIAN_POINT('',(88.4003588239175,7.00000011920929,2.5000000745058));
#3535=CARTESIAN_POINT('',(88.4003588239175,7.00000011920929,2.5000000745058));
#3536=CARTESIAN_POINT('',(88.4003588239175,9.00000011920929,2.50000007450581));
#3537=CARTESIAN_POINT('',(88.4003588239175,5.30012043068178,2.5000000745058));
#3538=CARTESIAN_POINT('',(88.4003588239175,9.00000011920929,2.50000007450581));
#3539=CARTESIAN_POINT('Origin',(88.4003588239175,9.00000011920929,7.50000007450581));
#3540=CARTESIAN_POINT('',(86.0003588239175,9.00000011920929,7.50000007450581));
#3541=CARTESIAN_POINT('',(86.0003588239175,9.00000011920929,3.7500000372529));
#3542=CARTESIAN_POINT('',(88.4003588239175,9.00000011920929,7.50000007450581));
#3543=CARTESIAN_POINT('',(88.4003588239175,9.00000011920929,3.7500000372529));
#3544=CARTESIAN_POINT('',(88.4003588239175,9.00000011920929,7.50000007450581));
#3545=CARTESIAN_POINT('Origin',(88.4003588239175,7.00000011920929,7.5000000745058));
#3546=CARTESIAN_POINT('',(86.0003588239175,7.00000011920929,7.5000000745058));
#3547=CARTESIAN_POINT('',(86.0003588239175,4.30012043068177,7.5000000745058));
#3548=CARTESIAN_POINT('',(88.4003588239175,7.00000011920929,7.5000000745058));
#3549=CARTESIAN_POINT('',(88.4003588239175,4.30012043068177,7.5000000745058));
#3550=CARTESIAN_POINT('',(88.4003588239175,7.00000011920929,7.5000000745058));
#3551=CARTESIAN_POINT('Origin',(88.4003588239175,7.00000011920929,2.5000000745058));
#3552=CARTESIAN_POINT('',(86.0003588239175,7.00000011920929,1.2500000372529));
#3553=CARTESIAN_POINT('',(88.4003588239175,7.00000011920929,1.2500000372529));
#3554=CARTESIAN_POINT('Origin',(88.4003588239175,11.0000001639128,2.5000000372529));
#3555=CARTESIAN_POINT('',(86.0003588239175,11.0000001639128,7.50000011175871));
#3556=CARTESIAN_POINT('',(86.0003588239175,11.0000001639128,2.5000000372529));
#3557=CARTESIAN_POINT('',(86.0003588239175,11.0000001639128,1.25000001862645));
#3558=CARTESIAN_POINT('',(88.4003588239175,11.0000001639128,7.50000011175871));
#3559=CARTESIAN_POINT('',(88.4003588239175,11.0000001639128,7.50000011175871));
#3560=CARTESIAN_POINT('',(88.4003588239175,11.0000001639128,2.5000000372529));
#3561=CARTESIAN_POINT('',(88.4003588239175,11.0000001639128,1.25000001862645));
#3562=CARTESIAN_POINT('',(88.4003588239175,11.0000001639128,2.5000000372529));
#3563=CARTESIAN_POINT('Origin',(88.4003588239175,13.0000001937151,2.5000000372529));
#3564=CARTESIAN_POINT('',(86.0003588239175,13.0000001937151,2.5000000372529));
#3565=CARTESIAN_POINT('',(86.0003588239175,7.30012046793468,2.5000000372529));
#3566=CARTESIAN_POINT('',(88.4003588239175,13.0000001937151,2.5000000372529));
#3567=CARTESIAN_POINT('',(88.4003588239175,7.30012046793468,2.5000000372529));
#3568=CARTESIAN_POINT('',(88.4003588239175,13.0000001937151,2.5000000372529));
#3569=CARTESIAN_POINT('Origin',(88.4003588239175,13.0000001937151,7.50000011175871));
#3570=CARTESIAN_POINT('',(86.0003588239175,13.0000001937151,7.50000011175871));
#3571=CARTESIAN_POINT('',(86.0003588239175,13.0000001937151,3.75000005587935));
#3572=CARTESIAN_POINT('',(88.4003588239175,13.0000001937151,7.50000011175871));
#3573=CARTESIAN_POINT('',(88.4003588239175,13.0000001937151,3.75000005587935));
#3574=CARTESIAN_POINT('',(88.4003588239175,13.0000001937151,7.50000011175871));
#3575=CARTESIAN_POINT('Origin',(88.4003588239175,11.0000001639128,7.50000011175871));
#3576=CARTESIAN_POINT('',(86.0003588239175,6.30012045303352,7.50000011175871));
#3577=CARTESIAN_POINT('',(88.4003588239175,6.30012045303352,7.50000011175871));
#3578=CARTESIAN_POINT('Origin',(88.4003588239175,15.0000002235174,2.5000000372529));
#3579=CARTESIAN_POINT('',(86.0003588239175,15.0000002235174,7.50000011175871));
#3580=CARTESIAN_POINT('',(86.0003588239175,15.0000002235174,2.5000000372529));
#3581=CARTESIAN_POINT('',(86.0003588239175,15.0000002235174,1.25000001862645));
#3582=CARTESIAN_POINT('',(88.4003588239175,15.0000002235174,7.50000011175871));
#3583=CARTESIAN_POINT('',(88.4003588239175,15.0000002235174,7.50000011175871));
#3584=CARTESIAN_POINT('',(88.4003588239175,15.0000002235174,2.5000000372529));
#3585=CARTESIAN_POINT('',(88.4003588239175,15.0000002235174,1.25000001862645));
#3586=CARTESIAN_POINT('',(88.4003588239175,15.0000002235174,2.5000000372529));
#3587=CARTESIAN_POINT('Origin',(88.4003588239175,17.0000002533197,2.5000000372529));
#3588=CARTESIAN_POINT('',(86.0003588239175,17.0000002533197,2.5000000372529));
#3589=CARTESIAN_POINT('',(86.0003588239175,9.300120497737,2.5000000372529));
#3590=CARTESIAN_POINT('',(88.4003588239175,17.0000002533197,2.5000000372529));
#3591=CARTESIAN_POINT('',(88.4003588239175,9.300120497737,2.5000000372529));
#3592=CARTESIAN_POINT('',(88.4003588239175,17.0000002533197,2.5000000372529));
#3593=CARTESIAN_POINT('Origin',(88.4003588239175,17.0000002533197,7.50000011175871));
#3594=CARTESIAN_POINT('',(86.0003588239175,17.0000002533197,7.50000011175871));
#3595=CARTESIAN_POINT('',(86.0003588239175,17.0000002533197,3.75000005587935));
#3596=CARTESIAN_POINT('',(88.4003588239175,17.0000002533197,7.50000011175871));
#3597=CARTESIAN_POINT('',(88.4003588239175,17.0000002533197,3.75000005587935));
#3598=CARTESIAN_POINT('',(88.4003588239175,17.0000002533197,7.50000011175871));
#3599=CARTESIAN_POINT('Origin',(88.4003588239175,15.0000002235174,7.50000011175871));
#3600=CARTESIAN_POINT('',(86.0003588239175,8.30012048283584,7.50000011175871));
#3601=CARTESIAN_POINT('',(88.4003588239175,8.30012048283584,7.50000011175871));
#3602=CARTESIAN_POINT('Origin',(-2.39964117608245,26.0000004023314,7.50000007450581));
#3603=CARTESIAN_POINT('',(0.000358823917549211,26.0000004023314,2.5000000745058));
#3604=CARTESIAN_POINT('',(0.000358823917549211,26.0000004023314,7.50000007450581));
#3605=CARTESIAN_POINT('',(0.000358823917549211,26.0000004023313,3.7500000372529));
#3606=CARTESIAN_POINT('',(-2.39964117608245,26.0000004023314,2.5000000745058));
#3607=CARTESIAN_POINT('',(-2.39964117608245,26.0000004023314,2.5000000745058));
#3608=CARTESIAN_POINT('',(-2.39964117608245,26.0000004023314,7.50000007450581));
#3609=CARTESIAN_POINT('',(-2.39964117608245,26.0000004023313,3.7500000372529));
#3610=CARTESIAN_POINT('',(-2.39964117608245,26.0000004023314,7.50000007450581));
#3611=CARTESIAN_POINT('Origin',(-2.39964117608245,28.0000004023314,7.50000007450581));
#3612=CARTESIAN_POINT('',(0.000358823917549489,28.0000004023314,7.50000007450581));
#3613=CARTESIAN_POINT('',(0.000358823917551848,49.2001205722428,7.50000007450581));
#3614=CARTESIAN_POINT('',(-2.39964117608245,28.0000004023314,7.50000007450581));
#3615=CARTESIAN_POINT('',(-2.39964117608245,49.2001205722428,7.50000007450581));
#3616=CARTESIAN_POINT('',(-2.39964117608245,28.0000004023314,7.50000007450581));
#3617=CARTESIAN_POINT('Origin',(-2.39964117608245,28.0000004023314,2.5000000745058));
#3618=CARTESIAN_POINT('',(0.000358823917549489,28.0000004023314,2.5000000745058));
#3619=CARTESIAN_POINT('',(0.00035882391754935,28.0000004023314,1.2500000372529));
#3620=CARTESIAN_POINT('',(-2.39964117608245,28.0000004023314,2.5000000745058));
#3621=CARTESIAN_POINT('',(-2.39964117608245,28.0000004023314,1.2500000372529));
#3622=CARTESIAN_POINT('',(-2.39964117608245,28.0000004023314,2.5000000745058));
#3623=CARTESIAN_POINT('Origin',(-2.39964117608245,26.0000004023314,2.5000000745058));
#3624=CARTESIAN_POINT('',(0.000358823917551709,48.2001205722428,2.5000000745058));
#3625=CARTESIAN_POINT('',(-2.39964117608245,48.2001205722428,2.5000000745058));
#3626=CARTESIAN_POINT('Origin',(-2.39964117608245,30.000000461936,7.50000007450581));
#3627=CARTESIAN_POINT('',(0.000358823917549767,30.000000461936,2.50000007450581));
#3628=CARTESIAN_POINT('',(0.000358823917549767,30.000000461936,7.50000007450581));
#3629=CARTESIAN_POINT('',(0.000358823917549628,30.000000461936,3.7500000372529));
#3630=CARTESIAN_POINT('',(-2.39964117608245,30.000000461936,2.50000007450581));
#3631=CARTESIAN_POINT('',(-2.39964117608245,30.000000461936,2.50000007450581));
#3632=CARTESIAN_POINT('',(-2.39964117608245,30.000000461936,7.50000007450581));
#3633=CARTESIAN_POINT('',(-2.39964117608245,30.000000461936,3.7500000372529));
#3634=CARTESIAN_POINT('',(-2.39964117608245,30.000000461936,7.50000007450581));
#3635=CARTESIAN_POINT('Origin',(-2.39964117608245,32.000000461936,7.5000000745058));
#3636=CARTESIAN_POINT('',(0.000358823917549767,32.000000461936,7.5000000745058));
#3637=CARTESIAN_POINT('',(0.000358823917551987,51.2001206020451,7.50000007450578));
#3638=CARTESIAN_POINT('',(-2.39964117608245,32.000000461936,7.5000000745058));
#3639=CARTESIAN_POINT('',(-2.39964117608245,51.2001206020451,7.50000007450578));
#3640=CARTESIAN_POINT('',(-2.39964117608245,32.000000461936,7.5000000745058));
#3641=CARTESIAN_POINT('Origin',(-2.39964117608245,32.000000461936,2.5000000745058));
#3642=CARTESIAN_POINT('',(0.000358823917549767,32.000000461936,2.5000000745058));
#3643=CARTESIAN_POINT('',(0.000358823917549905,32.000000461936,1.2500000372529));
#3644=CARTESIAN_POINT('',(-2.39964117608245,32.000000461936,2.5000000745058));
#3645=CARTESIAN_POINT('',(-2.39964117608245,32.000000461936,1.2500000372529));
#3646=CARTESIAN_POINT('',(-2.39964117608245,32.000000461936,2.5000000745058));
#3647=CARTESIAN_POINT('Origin',(-2.39964117608245,30.000000461936,2.50000007450581));
#3648=CARTESIAN_POINT('',(0.000358823917551987,50.2001206020451,2.50000007450578));
#3649=CARTESIAN_POINT('',(-2.39964117608245,50.2001206020451,2.50000007450578));
#3650=CARTESIAN_POINT('Origin',(-2.39964117608245,34.0000005215406,7.5000000745058));
#3651=CARTESIAN_POINT('',(0.000358823917550044,34.0000005215406,2.5000000745058));
#3652=CARTESIAN_POINT('',(0.000358823917550044,34.0000005215406,7.5000000745058));
#3653=CARTESIAN_POINT('',(0.000358823917550044,34.0000005215406,3.75000003725292));
#3654=CARTESIAN_POINT('',(-2.39964117608245,34.0000005215406,2.5000000745058));
#3655=CARTESIAN_POINT('',(-2.39964117608245,34.0000005215406,2.5000000745058));
#3656=CARTESIAN_POINT('',(-2.39964117608245,34.0000005215406,7.5000000745058));
#3657=CARTESIAN_POINT('',(-2.39964117608245,34.0000005215406,3.75000003725292));
#3658=CARTESIAN_POINT('',(-2.39964117608245,34.0000005215406,7.5000000745058));
#3659=CARTESIAN_POINT('Origin',(-2.39964117608245,36.0000005215406,7.5000000745058));
#3660=CARTESIAN_POINT('',(0.000358823917550322,36.0000005215406,7.5000000745058));
#3661=CARTESIAN_POINT('',(0.000358823917552265,53.2001206318475,7.50000007450572));
#3662=CARTESIAN_POINT('',(-2.39964117608245,36.0000005215406,7.5000000745058));
#3663=CARTESIAN_POINT('',(-2.39964117608245,53.2001206318475,7.50000007450572));
#3664=CARTESIAN_POINT('',(-2.39964117608245,36.0000005215406,7.5000000745058));
#3665=CARTESIAN_POINT('Origin',(-2.39964117608245,36.0000005215406,2.50000007450579));
#3666=CARTESIAN_POINT('',(0.000358823917550322,36.0000005215406,2.50000007450579));
#3667=CARTESIAN_POINT('',(0.000358823917550322,36.0000005215406,1.2500000372529));
#3668=CARTESIAN_POINT('',(-2.39964117608245,36.0000005215406,2.50000007450579));
#3669=CARTESIAN_POINT('',(-2.39964117608245,36.0000005215406,1.2500000372529));
#3670=CARTESIAN_POINT('',(-2.39964117608245,36.0000005215406,2.50000007450579));
#3671=CARTESIAN_POINT('Origin',(-2.39964117608245,34.0000005215406,2.5000000745058));
#3672=CARTESIAN_POINT('',(0.000358823917552126,52.2001206318475,2.50000007450572));
#3673=CARTESIAN_POINT('',(-2.39964117608245,52.2001206318475,2.50000007450572));
#3674=CARTESIAN_POINT('Origin',(65.5174929822374,74.4002407421543,6.2287522211043));
#3675=CARTESIAN_POINT('',(65.5174929822374,72.0002407421542,2.42875222110431));
#3676=CARTESIAN_POINT('',(65.5174929822374,72.0002407421542,6.2287522211043));
#3677=CARTESIAN_POINT('',(65.5174929822374,72.0002407421542,3.11437611055215));
#3678=CARTESIAN_POINT('',(65.5174929822374,74.4002407421543,2.42875222110431));
#3679=CARTESIAN_POINT('',(65.5174929822374,74.4002407421543,2.42875222110431));
#3680=CARTESIAN_POINT('',(65.5174929822374,74.4002407421543,6.2287522211043));
#3681=CARTESIAN_POINT('',(65.5174929822374,74.4002407421543,3.11437611055215));
#3682=CARTESIAN_POINT('',(65.5174929822374,74.4002407421543,6.2287522211043));
#3683=CARTESIAN_POINT('Origin',(75.0174929822374,74.4002407421543,6.22875222110428));
#3684=CARTESIAN_POINT('',(75.0174929822374,72.0002407421542,6.22875222110428));
#3685=CARTESIAN_POINT('',(79.7089259030775,72.0002407421542,6.22875222110427));
#3686=CARTESIAN_POINT('',(75.0174929822374,74.4002407421543,6.22875222110428));
#3687=CARTESIAN_POINT('',(79.7089259030775,74.4002407421543,6.22875222110427));
#3688=CARTESIAN_POINT('',(75.0174929822374,74.4002407421543,6.22875222110428));
#3689=CARTESIAN_POINT('Origin',(75.0174929822374,74.4002407421543,2.42875222110429));
#3690=CARTESIAN_POINT('',(75.0174929822374,72.0002407421542,2.42875222110429));
#3691=CARTESIAN_POINT('',(75.0174929822374,72.0002407421542,1.21437611055215));
#3692=CARTESIAN_POINT('',(75.0174929822374,74.4002407421543,2.42875222110429));
#3693=CARTESIAN_POINT('',(75.0174929822374,74.4002407421543,1.21437611055215));
#3694=CARTESIAN_POINT('',(75.0174929822374,74.4002407421543,2.42875222110429));
#3695=CARTESIAN_POINT('Origin',(65.5174929822374,74.4002407421543,2.42875222110431));
#3696=CARTESIAN_POINT('',(74.9589259030775,72.0002407421542,2.42875222110429));
#3697=CARTESIAN_POINT('',(74.9589259030775,74.4002407421543,2.42875222110429));
#3698=CARTESIAN_POINT('Origin',(87.0503588239175,18.8002407421543,9.35));
#3699=CARTESIAN_POINT('',(87.2003588239175,70.4002407421543,9.2));
#3700=CARTESIAN_POINT('',(86.9003588239175,70.4002407421543,9.5));
#3701=CARTESIAN_POINT('',(87.2003588239175,70.4002407421543,9.2));
#3702=CARTESIAN_POINT('',(86.9003588239175,1.60024074215426,9.5));
#3703=CARTESIAN_POINT('',(86.9003588239175,18.8002407421543,9.5));
#3704=CARTESIAN_POINT('',(87.2003588239175,1.60024074215426,9.2));
#3705=CARTESIAN_POINT('',(86.9003588239175,1.60024074215426,9.5));
#3706=CARTESIAN_POINT('',(87.2003588239175,18.8002407421543,9.2));
#3707=CARTESIAN_POINT('Origin',(84.4003588239175,70.4002407421542,9.35));
#3708=CARTESIAN_POINT('',(84.4003588239175,73.2002407421543,9.2));
#3709=CARTESIAN_POINT('',(84.4003588239175,72.9002407421543,9.5));
#3710=CARTESIAN_POINT('',(84.4003588239175,73.2002407421543,9.2));
#3711=CARTESIAN_POINT('Origin',(84.4003588239175,70.4002407421542,9.5));
#3712=CARTESIAN_POINT('Origin',(84.4003588239175,70.4002407421542,9.2));
#3713=CARTESIAN_POINT('Origin',(63.7003588239175,73.0502407421543,9.35));
#3714=CARTESIAN_POINT('',(1.60035882391755,73.2002407421543,9.2));
#3715=CARTESIAN_POINT('',(1.60035882391755,72.9002407421543,9.5));
#3716=CARTESIAN_POINT('',(1.60035882391755,73.2002407421543,9.2));
#3717=CARTESIAN_POINT('',(63.7003588239175,72.9002407421543,9.5));
#3718=CARTESIAN_POINT('',(63.7003588239175,73.2002407421543,9.2));
#3719=CARTESIAN_POINT('Origin',(1.60035882391756,70.4002407421542,9.35));
#3720=CARTESIAN_POINT('',(-1.19964117608245,70.4002407421543,9.2));
#3721=CARTESIAN_POINT('',(-0.899641176082445,70.4002407421543,9.5));
#3722=CARTESIAN_POINT('',(-1.19964117608245,70.4002407421543,9.2));
#3723=CARTESIAN_POINT('Origin',(1.60035882391756,70.4002407421542,9.5));
#3724=CARTESIAN_POINT('Origin',(1.60035882391756,70.4002407421542,9.2));
#3725=CARTESIAN_POINT('Origin',(-1.04964117608245,53.2002407421543,9.35));
#3726=CARTESIAN_POINT('',(-1.19964117608245,1.60024074215427,9.2));
#3727=CARTESIAN_POINT('',(-0.899641176082454,1.60024074215427,9.5));
#3728=CARTESIAN_POINT('',(-1.19964117608245,1.60024074215427,9.2));
#3729=CARTESIAN_POINT('',(-0.899641176082451,53.2002407421543,9.5));
#3730=CARTESIAN_POINT('',(-1.19964117608245,53.2002407421543,9.2));
#3731=CARTESIAN_POINT('Origin',(1.60035882391754,1.60024074215426,9.35));
#3732=CARTESIAN_POINT('',(1.60035882391755,-1.19975925784574,9.2));
#3733=CARTESIAN_POINT('',(1.60035882391755,-0.899759257845737,9.5));
#3734=CARTESIAN_POINT('',(1.60035882391755,-1.19975925784574,9.2));
#3735=CARTESIAN_POINT('Origin',(1.60035882391754,1.60024074215426,9.5));
#3736=CARTESIAN_POINT('Origin',(1.60035882391754,1.60024074215426,9.2));
#3737=CARTESIAN_POINT('Origin',(22.3003588239175,-1.04975925784574,9.35));
#3738=CARTESIAN_POINT('',(84.4003588239175,-1.19975925784574,9.2));
#3739=CARTESIAN_POINT('',(84.4003588239175,-0.899759257845736,9.5));
#3740=CARTESIAN_POINT('',(84.4003588239175,-1.19975925784574,9.2));
#3741=CARTESIAN_POINT('',(22.3003588239175,-0.899759257845736,9.5));
#3742=CARTESIAN_POINT('',(22.3003588239175,-1.19975925784574,9.2));
#3743=CARTESIAN_POINT('Origin',(84.4003588239175,1.60024074215427,9.35));
#3744=CARTESIAN_POINT('Origin',(84.4003588239175,1.60024074215427,9.5));
#3745=CARTESIAN_POINT('Origin',(84.4003588239175,1.60024074215427,9.2));
#3746=CARTESIAN_POINT('Origin',(1.60035882391756,70.4002407421542,8.));
#3747=CARTESIAN_POINT('',(1.60035882391755,73.2002407421543,8.));
#3748=CARTESIAN_POINT('',(1.60035882391755,73.2002407421543,8.));
#3749=CARTESIAN_POINT('',(-1.19964117608245,70.4002407421543,8.));
#3750=CARTESIAN_POINT('Origin',(1.60035882391756,70.4002407421542,8.));
#3751=CARTESIAN_POINT('',(-1.19964117608245,70.4002407421543,8.));
#3752=CARTESIAN_POINT('Origin',(84.4003588239175,73.2002407421543,8.));
#3753=CARTESIAN_POINT('',(84.4003588239175,73.2002407421543,8.));
#3754=CARTESIAN_POINT('',(84.4003588239175,73.2002407421543,8.));
#3755=CARTESIAN_POINT('',(63.7003588239175,73.2002407421543,8.));
#3756=CARTESIAN_POINT('Origin',(84.4003588239175,70.4002407421542,8.));
#3757=CARTESIAN_POINT('',(87.2003588239175,70.4002407421543,8.));
#3758=CARTESIAN_POINT('',(87.2003588239175,70.4002407421543,8.));
#3759=CARTESIAN_POINT('Origin',(84.4003588239175,70.4002407421542,8.));
#3760=CARTESIAN_POINT('Origin',(87.2003588239175,1.60024074215426,8.));
#3761=CARTESIAN_POINT('',(87.2003588239175,1.60024074215426,8.));
#3762=CARTESIAN_POINT('',(87.2003588239175,1.60024074215426,8.));
#3763=CARTESIAN_POINT('',(87.2003588239175,18.8002407421543,8.));
#3764=CARTESIAN_POINT('Origin',(43.0003588239175,36.0002407421543,9.5));
#3765=CARTESIAN_POINT('',(84.4003588239175,72.0002407421543,9.5));
#3766=CARTESIAN_POINT('',(86.0003588239175,70.4002407421543,9.5));
#3767=CARTESIAN_POINT('Origin',(84.4003588239175,70.4002407421542,9.5));
#3768=CARTESIAN_POINT('',(86.0003588239175,1.60024074215426,9.5));
#3769=CARTESIAN_POINT('',(86.0003588239175,70.4002407421543,9.5));
#3770=CARTESIAN_POINT('',(84.4003588239175,0.00024074215426495,9.5));
#3771=CARTESIAN_POINT('Origin',(84.4003588239175,1.60024074215427,9.5));
#3772=CARTESIAN_POINT('',(1.60035882391755,0.00024074215426495,9.5));
#3773=CARTESIAN_POINT('',(84.4003588239175,0.000240742154262452,9.5));
#3774=CARTESIAN_POINT('',(0.000358823917547824,1.60024074215427,9.5));
#3775=CARTESIAN_POINT('Origin',(1.60035882391754,1.60024074215426,9.5));
#3776=CARTESIAN_POINT('',(0.000358823917547824,70.4002407421543,9.5));
#3777=CARTESIAN_POINT('',(0.000358823917546991,1.60024074215427,9.5));
#3778=CARTESIAN_POINT('',(1.60035882391755,72.0002407421542,9.5));
#3779=CARTESIAN_POINT('Origin',(1.60035882391756,70.4002407421542,9.5));
#3780=CARTESIAN_POINT('',(1.60035882391755,72.0002407421542,9.5));
#3781=CARTESIAN_POINT('Origin',(84.4003588239175,1.60024074215427,8.));
#3782=CARTESIAN_POINT('',(84.4003588239175,-1.19975925784574,8.));
#3783=CARTESIAN_POINT('',(84.4003588239175,-1.19975925784574,8.));
#3784=CARTESIAN_POINT('Origin',(84.4003588239175,1.60024074215427,8.));
#3785=CARTESIAN_POINT('Origin',(1.60035882391755,-1.19975925784574,8.));
#3786=CARTESIAN_POINT('',(1.60035882391755,-1.19975925784574,8.));
#3787=CARTESIAN_POINT('',(1.60035882391755,-1.19975925784574,8.));
#3788=CARTESIAN_POINT('',(22.3003588239175,-1.19975925784574,8.));
#3789=CARTESIAN_POINT('Origin',(1.60035882391754,1.60024074215426,8.));
#3790=CARTESIAN_POINT('',(-1.19964117608245,1.60024074215427,8.));
#3791=CARTESIAN_POINT('',(-1.19964117608245,1.60024074215427,8.));
#3792=CARTESIAN_POINT('Origin',(1.60035882391754,1.60024074215426,8.));
#3793=CARTESIAN_POINT('Origin',(-1.19964117608245,70.4002407421543,8.));
#3794=CARTESIAN_POINT('',(-1.19964117608245,53.2002407421543,8.));
#3795=CARTESIAN_POINT('Origin',(43.0003588239175,36.0002407421543,2.4));
#3796=CARTESIAN_POINT('',(84.4003588239175,0.000240742154261481,2.4));
#3797=CARTESIAN_POINT('',(86.0003588239175,1.60024074215426,2.4));
#3798=CARTESIAN_POINT('Origin',(84.4003588239175,1.60024074215428,2.4));
#3799=CARTESIAN_POINT('',(86.0003588239175,70.4002407421543,2.4));
#3800=CARTESIAN_POINT('',(86.0003588239175,18.8002407421543,2.4));
#3801=CARTESIAN_POINT('',(84.4003588239175,72.0002407421543,2.4));
#3802=CARTESIAN_POINT('Origin',(84.4003588239175,70.4002407421542,2.4));
#3803=CARTESIAN_POINT('',(1.60035882391755,72.0002407421542,2.4));
#3804=CARTESIAN_POINT('',(63.7003588239175,72.0002407421542,2.4));
#3805=CARTESIAN_POINT('',(0.000358823917556844,70.4002407421543,2.4));
#3806=CARTESIAN_POINT('Origin',(1.60035882391756,70.4002407421543,2.4));
#3807=CARTESIAN_POINT('',(0.00035882391754713,1.60024074215427,2.4));
#3808=CARTESIAN_POINT('',(0.000358823917552265,53.2002407421543,2.4));
#3809=CARTESIAN_POINT('',(1.60035882391755,0.000240742154264117,2.4));
#3810=CARTESIAN_POINT('Origin',(1.60035882391754,1.60024074215426,2.4));
#3811=CARTESIAN_POINT('',(22.3003588239175,0.00024074215426273,2.4));
#3812=CARTESIAN_POINT('Origin',(84.4003588239175,72.0002407421542,0.));
#3813=CARTESIAN_POINT('',(1.60035882391755,72.0002407421542,0.));
#3814=CARTESIAN_POINT('',(84.4003588239175,72.0002407421543,8.));
#3815=CARTESIAN_POINT('Origin',(1.60035882391756,70.4002407421543,0.));
#3816=CARTESIAN_POINT('',(0.000358823917556983,70.4002407421543,0.));
#3817=CARTESIAN_POINT('Origin',(0.000358823917554207,70.4002407421543,0.));
#3818=CARTESIAN_POINT('',(0.000358823917546436,1.60024074215427,0.));
#3819=CARTESIAN_POINT('Origin',(1.60035882391754,1.60024074215426,0.));
#3820=CARTESIAN_POINT('',(1.60035882391755,0.000240742154263285,0.));
#3821=CARTESIAN_POINT('Origin',(1.60035882391755,0.000240742154263285,0.));
#3822=CARTESIAN_POINT('',(84.4003588239175,0.000240742154262452,0.));
#3823=CARTESIAN_POINT('Origin',(84.4003588239175,1.60024074215428,0.));
#3824=CARTESIAN_POINT('',(86.0003588239175,1.60024074215426,0.));
#3825=CARTESIAN_POINT('Origin',(86.0003588239175,1.60024074215426,0.));
#3826=CARTESIAN_POINT('',(86.0003588239175,70.4002407421543,0.));
#3827=CARTESIAN_POINT('Origin',(84.4003588239175,70.4002407421542,0.));
#3828=CARTESIAN_POINT('Origin',(43.0003588239175,36.0002407421543,0.));
#3829=CARTESIAN_POINT('',(84.4003588239175,-2.39975925784574,0.));
#3830=CARTESIAN_POINT('',(88.4003588239175,1.60024074215426,0.));
#3831=CARTESIAN_POINT('Origin',(84.4003588239175,1.60024074215428,0.));
#3832=CARTESIAN_POINT('',(1.60035882391755,-2.39975925784574,0.));
#3833=CARTESIAN_POINT('',(1.60035882391755,-2.39975925784574,0.));
#3834=CARTESIAN_POINT('',(-2.39964117608245,1.60024074215427,0.));
#3835=CARTESIAN_POINT('Origin',(1.60035882391754,1.60024074215426,0.));
#3836=CARTESIAN_POINT('',(-2.39964117608244,70.4002407421543,0.));
#3837=CARTESIAN_POINT('',(-2.39964117608245,70.4002407421543,0.));
#3838=CARTESIAN_POINT('',(1.60035882391755,74.4002407421543,0.));
#3839=CARTESIAN_POINT('Origin',(1.60035882391756,70.4002407421543,0.));
#3840=CARTESIAN_POINT('',(84.4003588239175,74.4002407421543,0.));
#3841=CARTESIAN_POINT('',(84.4003588239175,74.4002407421543,0.));
#3842=CARTESIAN_POINT('',(88.4003588239175,70.4002407421543,0.));
#3843=CARTESIAN_POINT('Origin',(84.4003588239175,70.4002407421542,0.));
#3844=CARTESIAN_POINT('',(88.4003588239175,1.60024074215426,0.));
#3845=CARTESIAN_POINT('Origin',(84.4003588239175,74.4002407421543,0.));
#3846=CARTESIAN_POINT('',(84.4003588239175,74.4002407421543,8.));
#3847=CARTESIAN_POINT('',(1.60035882391755,74.4002407421543,8.));
#3848=CARTESIAN_POINT('',(63.7003588239175,74.4002407421543,8.));
#3849=CARTESIAN_POINT('',(84.4003588239175,74.4002407421543,0.));
#3850=CARTESIAN_POINT('',(1.60035882391755,74.4002407421543,0.));
#3851=CARTESIAN_POINT('Origin',(1.60035882391756,70.4002407421543,0.));
#3852=CARTESIAN_POINT('',(-2.39964117608244,70.4002407421543,8.));
#3853=CARTESIAN_POINT('Origin',(1.60035882391756,70.4002407421543,8.));
#3854=CARTESIAN_POINT('',(-2.39964117608244,70.4002407421543,0.));
#3855=CARTESIAN_POINT('Origin',(-2.39964117608245,70.4002407421543,0.));
#3856=CARTESIAN_POINT('',(-2.39964117608245,1.60024074215427,8.));
#3857=CARTESIAN_POINT('',(-2.39964117608245,53.2002407421543,8.));
#3858=CARTESIAN_POINT('',(-2.39964117608245,1.60024074215427,0.));
#3859=CARTESIAN_POINT('Origin',(1.60035882391754,1.60024074215426,0.));
#3860=CARTESIAN_POINT('',(1.60035882391755,-2.39975925784574,8.));
#3861=CARTESIAN_POINT('Origin',(1.60035882391754,1.60024074215426,8.));
#3862=CARTESIAN_POINT('',(1.60035882391755,-2.39975925784574,0.));
#3863=CARTESIAN_POINT('Origin',(1.60035882391755,-2.39975925784574,0.));
#3864=CARTESIAN_POINT('',(84.4003588239175,-2.39975925784574,8.));
#3865=CARTESIAN_POINT('',(22.3003588239175,-2.39975925784574,8.));
#3866=CARTESIAN_POINT('',(84.4003588239175,-2.39975925784574,0.));
#3867=CARTESIAN_POINT('Origin',(84.4003588239175,1.60024074215428,0.));
#3868=CARTESIAN_POINT('',(88.4003588239175,1.60024074215426,8.));
#3869=CARTESIAN_POINT('Origin',(84.4003588239175,1.60024074215428,8.));
#3870=CARTESIAN_POINT('',(88.4003588239175,1.60024074215426,0.));
#3871=CARTESIAN_POINT('Origin',(88.4003588239175,1.60024074215426,0.));
#3872=CARTESIAN_POINT('',(88.4003588239175,70.4002407421543,8.));
#3873=CARTESIAN_POINT('',(88.4003588239175,18.8002407421543,8.));
#3874=CARTESIAN_POINT('',(88.4003588239175,70.4002407421543,0.));
#3875=CARTESIAN_POINT('Origin',(84.4003588239175,70.4002407421542,0.));
#3876=CARTESIAN_POINT('Origin',(84.4003588239175,70.4002407421542,8.));
#3877=CARTESIAN_POINT('Origin',(43.0003588239175,36.0002407421543,8.));
#3878=CARTESIAN_POINT('Origin',(50.616932553296,4.68705896421949,20.3));
#3879=CARTESIAN_POINT('',(30.7335062826745,4.6870589642195,20.8));
#3880=CARTESIAN_POINT('',(58.7335062826745,4.68705896421949,20.8));
#3881=CARTESIAN_POINT('',(50.616932553296,4.68705896421949,20.8));
#3882=CARTESIAN_POINT('',(58.2335062826745,5.1870589642195,20.3));
#3883=CARTESIAN_POINT('Origin',(58.7335062826745,4.68705896421949,20.3));
#3884=CARTESIAN_POINT('',(31.2335062826745,5.1870589642195,20.3));
#3885=CARTESIAN_POINT('',(50.616932553296,5.1870589642195,20.3));
#3886=CARTESIAN_POINT('Origin',(30.7335062826745,4.6870589642195,20.3));
#3887=CARTESIAN_POINT('Origin',(58.7335062826745,30.3436498531869,20.3));
#3888=CARTESIAN_POINT('',(58.7335062826745,25.1870589642195,20.8));
#3889=CARTESIAN_POINT('',(58.7335062826745,30.3436498531869,20.8));
#3890=CARTESIAN_POINT('',(58.2335062826745,24.6870589642195,20.3));
#3891=CARTESIAN_POINT('Origin',(58.7335062826745,25.1870589642195,20.3));
#3892=CARTESIAN_POINT('',(58.2335062826745,30.3436498531869,20.3));
#3893=CARTESIAN_POINT('Origin',(30.7335062826745,20.5936498531869,20.3));
#3894=CARTESIAN_POINT('',(31.2335062826745,24.6870589642195,20.3));
#3895=CARTESIAN_POINT('',(31.2335062826745,20.5936498531869,20.3));
#3896=CARTESIAN_POINT('',(30.7335062826745,25.1870589642195,20.8));
#3897=CARTESIAN_POINT('Origin',(30.7335062826745,25.1870589642195,20.3));
#3898=CARTESIAN_POINT('',(30.7335062826745,20.5936498531869,20.8));
#3899=CARTESIAN_POINT('Origin',(37.116932553296,25.1870589642195,20.3));
#3900=CARTESIAN_POINT('',(37.116932553296,25.1870589642195,20.8));
#3901=CARTESIAN_POINT('',(37.116932553296,24.6870589642195,20.3));
#3902=CARTESIAN_POINT('Origin',(31.2335062826745,5.1870589642195,20.8));
#3903=CARTESIAN_POINT('',(31.2335062826745,5.1870589642195,18.4));
#3904=CARTESIAN_POINT('',(31.2335062826745,5.1870589642195,20.8));
#3905=CARTESIAN_POINT('',(31.2335062826745,24.6870589642195,18.4));
#3906=CARTESIAN_POINT('',(31.2335062826745,20.5936498531869,18.4));
#3907=CARTESIAN_POINT('',(31.2335062826745,24.6870589642195,20.8));
#3908=CARTESIAN_POINT('Origin',(58.2335062826745,5.1870589642195,20.8));
#3909=CARTESIAN_POINT('',(58.2335062826745,5.1870589642195,18.4));
#3910=CARTESIAN_POINT('',(58.2335062826745,5.1870589642195,20.8));
#3911=CARTESIAN_POINT('',(50.616932553296,5.1870589642195,18.4));
#3912=CARTESIAN_POINT('Origin',(43.0003588239175,36.0002407421543,20.8));
#3913=CARTESIAN_POINT('',(1.60035882391755,72.9002407421543,20.8));
#3914=CARTESIAN_POINT('',(84.4003588239175,72.9002407421543,20.8));
#3915=CARTESIAN_POINT('',(63.7003588239175,72.9002407421543,20.8));
#3916=CARTESIAN_POINT('',(-0.899641176082443,70.4002407421543,20.8));
#3917=CARTESIAN_POINT('Origin',(1.60035882391756,70.4002407421543,20.8));
#3918=CARTESIAN_POINT('',(-0.899641176082452,1.60024074215427,20.8));
#3919=CARTESIAN_POINT('',(-0.899641176082446,53.2002407421543,20.8));
#3920=CARTESIAN_POINT('',(1.60035882391755,-0.899759257845737,20.8));
#3921=CARTESIAN_POINT('Origin',(1.60035882391754,1.60024074215426,20.8));
#3922=CARTESIAN_POINT('',(84.4003588239175,-0.899759257845736,20.8));
#3923=CARTESIAN_POINT('',(22.3003588239175,-0.899759257845736,20.8));
#3924=CARTESIAN_POINT('',(86.9003588239175,1.60024074215427,20.8));
#3925=CARTESIAN_POINT('Origin',(84.4003588239175,1.60024074215428,20.8));
#3926=CARTESIAN_POINT('',(86.9003588239175,70.4002407421543,20.8));
#3927=CARTESIAN_POINT('',(86.9003588239175,18.8002407421543,20.8));
#3928=CARTESIAN_POINT('Origin',(84.4003588239175,70.4002407421542,20.8));
#3929=CARTESIAN_POINT('',(17.4506464311127,14.3299892886392,20.8));
#3930=CARTESIAN_POINT('Origin',(12.4506464311127,14.3299892886392,20.8));
#3931=CARTESIAN_POINT('',(30.2279382299634,61.7393236831122,20.8));
#3932=CARTESIAN_POINT('Origin',(28.2279382299634,61.7393236831122,20.8));
#3933=CARTESIAN_POINT('',(73.2500010728836,66.0000009834766,20.8));
#3934=CARTESIAN_POINT('Origin',(72.0000010728836,66.0000009834766,20.8));
#3935=CARTESIAN_POINT('',(80.0000011920929,7.00000010430813,20.8));
#3936=CARTESIAN_POINT('',(80.0000011920929,9.00000013411045,20.8));
#3937=CARTESIAN_POINT('',(80.0000011920929,21.5001204232312,20.8));
#3938=CARTESIAN_POINT('',(85.0000012665987,9.00000013411045,20.8));
#3939=CARTESIAN_POINT('',(61.5001800080052,9.00000013411045,20.8));
#3940=CARTESIAN_POINT('',(85.0000012665987,7.00000010430813,20.8));
#3941=CARTESIAN_POINT('',(85.0000012665987,22.5001204381324,20.8));
#3942=CARTESIAN_POINT('',(64.0001800452581,7.00000010430813,20.8));
#3943=CARTESIAN_POINT('',(10.0000001490116,32.0000004768372,20.8));
#3944=CARTESIAN_POINT('',(10.0000001490116,30.0000004470348,20.8));
#3945=CARTESIAN_POINT('',(10.0000001490116,34.0001206094957,20.8));
#3946=CARTESIAN_POINT('',(5.00000007450581,30.0000004470348,20.8));
#3947=CARTESIAN_POINT('',(26.5001794864646,30.0000004470348,20.8));
#3948=CARTESIAN_POINT('',(5.00000007450581,32.0000004768372,20.8));
#3949=CARTESIAN_POINT('',(5.00000007450581,33.0001205945945,20.8));
#3950=CARTESIAN_POINT('',(24.0001794492117,32.0000004768372,20.8));
#3951=CARTESIAN_POINT('',(10.0000001490116,28.0000004172325,20.8));
#3952=CARTESIAN_POINT('',(10.0000001490116,26.0000003874302,20.8));
#3953=CARTESIAN_POINT('',(10.0000001490116,32.0001205796934,20.8));
#3954=CARTESIAN_POINT('',(5.00000007450581,26.0000003874302,20.8));
#3955=CARTESIAN_POINT('',(26.5001794864646,26.0000003874302,20.8));
#3956=CARTESIAN_POINT('',(5.00000007450581,28.0000004172325,20.8));
#3957=CARTESIAN_POINT('',(5.00000007450581,31.0001205647922,20.8));
#3958=CARTESIAN_POINT('',(24.0001794492117,28.0000004172325,20.8));
#3959=CARTESIAN_POINT('',(80.0000011920929,11.0000001639128,20.8));
#3960=CARTESIAN_POINT('',(80.0000011920929,13.0000001937151,20.8));
#3961=CARTESIAN_POINT('',(80.0000011920929,23.5001204530335,20.8));
#3962=CARTESIAN_POINT('',(85.0000012665987,13.0000001937151,20.8));
#3963=CARTESIAN_POINT('',(61.5001800080052,13.0000001937151,20.8));
#3964=CARTESIAN_POINT('',(85.0000012665987,11.0000001639128,20.8));
#3965=CARTESIAN_POINT('',(85.0000012665987,24.5001204679347,20.8));
#3966=CARTESIAN_POINT('',(64.0001800452581,11.0000001639128,20.8));
#3967=CARTESIAN_POINT('',(10.0000001490116,34.0000005066395,20.8));
#3968=CARTESIAN_POINT('',(5.00000007450581,34.0000005066395,20.8));
#3969=CARTESIAN_POINT('',(26.5001794864646,34.0000005066395,20.8));
#3970=CARTESIAN_POINT('',(5.00000007450581,36.0000005364418,20.8));
#3971=CARTESIAN_POINT('',(5.00000007450581,35.0001206243969,20.8));
#3972=CARTESIAN_POINT('',(10.0000001490116,36.0000005364418,20.8));
#3973=CARTESIAN_POINT('',(24.0001794492117,36.0000005364418,20.8));
#3974=CARTESIAN_POINT('',(10.0000001490116,36.000120639298,20.8));
#3975=CARTESIAN_POINT('',(80.0000011920929,15.0000002235174,20.8));
#3976=CARTESIAN_POINT('',(80.0000011920929,17.0000002533197,20.8));
#3977=CARTESIAN_POINT('',(80.0000011920929,25.5001204828358,20.8));
#3978=CARTESIAN_POINT('',(85.0000012665987,17.0000002533197,20.8));
#3979=CARTESIAN_POINT('',(61.5001800080052,17.0000002533197,20.8));
#3980=CARTESIAN_POINT('',(85.0000012665987,15.0000002235174,20.8));
#3981=CARTESIAN_POINT('',(85.0000012665987,26.500120497737,20.8));
#3982=CARTESIAN_POINT('',(64.0001800452581,15.0000002235174,20.8));
#3983=CARTESIAN_POINT('Origin',(63.7003588239175,72.9002407421543,19.3));
#3984=CARTESIAN_POINT('',(84.4003588239175,74.4002407421543,19.3));
#3985=CARTESIAN_POINT('Origin',(84.4003588239175,72.9002407421543,19.3));
#3986=CARTESIAN_POINT('',(1.60035882391755,74.4002407421543,19.3));
#3987=CARTESIAN_POINT('',(63.7003588239175,74.4002407421543,19.3));
#3988=CARTESIAN_POINT('Origin',(1.60035882391755,72.9002407421543,19.3));
#3989=CARTESIAN_POINT('Origin',(1.60035882391756,70.4002407421543,19.3));
#3990=CARTESIAN_POINT('',(-2.39964117608244,70.4002407421543,19.3));
#3991=CARTESIAN_POINT('Origin',(-0.899641176082443,70.4002407421543,19.3));
#3992=CARTESIAN_POINT('Origin',(1.60035882391756,70.4002407421543,19.3));
#3993=CARTESIAN_POINT('Origin',(-0.899641176082446,53.2002407421543,19.3));
#3994=CARTESIAN_POINT('',(-2.39964117608245,1.60024074215427,19.3));
#3995=CARTESIAN_POINT('Origin',(-0.899641176082452,1.60024074215427,19.3));
#3996=CARTESIAN_POINT('',(-2.39964117608245,53.2002407421543,19.3));
#3997=CARTESIAN_POINT('Origin',(1.60035882391754,1.60024074215426,19.3));
#3998=CARTESIAN_POINT('',(1.60035882391755,-2.39975925784574,19.3));
#3999=CARTESIAN_POINT('Origin',(1.60035882391755,-0.899759257845737,19.3));
#4000=CARTESIAN_POINT('Origin',(1.60035882391754,1.60024074215426,19.3));
#4001=CARTESIAN_POINT('Origin',(22.3003588239175,-0.899759257845736,19.3));
#4002=CARTESIAN_POINT('',(84.4003588239175,-2.39975925784574,19.3));
#4003=CARTESIAN_POINT('Origin',(84.4003588239175,-0.899759257845736,19.3));
#4004=CARTESIAN_POINT('',(22.3003588239175,-2.39975925784574,19.3));
#4005=CARTESIAN_POINT('Origin',(84.4003588239175,1.60024074215428,19.3));
#4006=CARTESIAN_POINT('',(88.4003588239175,1.60024074215426,19.3));
#4007=CARTESIAN_POINT('Origin',(86.9003588239175,1.60024074215427,19.3));
#4008=CARTESIAN_POINT('Origin',(84.4003588239175,1.60024074215428,19.3));
#4009=CARTESIAN_POINT('Origin',(86.9003588239175,18.8002407421543,19.3));
#4010=CARTESIAN_POINT('',(88.4003588239175,70.4002407421543,19.3));
#4011=CARTESIAN_POINT('Origin',(86.9003588239175,70.4002407421543,19.3));
#4012=CARTESIAN_POINT('',(88.4003588239175,18.8002407421543,19.3));
#4013=CARTESIAN_POINT('Origin',(84.4003588239175,70.4002407421542,19.3));
#4014=CARTESIAN_POINT('Origin',(84.4003588239175,70.4002407421542,19.3));
#4015=CARTESIAN_POINT('Origin',(1.60035882391754,1.60024074215426,0.));
#4016=CARTESIAN_POINT('',(-2.39964117608245,1.60024074215427,8.));
#4017=CARTESIAN_POINT('',(-2.39964117608245,1.60024074215427,0.));
#4018=CARTESIAN_POINT('',(1.60035882391755,-2.39975925784574,8.));
#4019=CARTESIAN_POINT('Origin',(1.60035882391754,1.60024074215426,8.));
#4020=CARTESIAN_POINT('',(1.60035882391755,-2.39975925784574,0.));
#4021=CARTESIAN_POINT('Origin',(-2.39964117608245,70.4002407421543,0.));
#4022=CARTESIAN_POINT('',(-2.39964117608244,70.4002407421543,8.));
#4023=CARTESIAN_POINT('',(-2.39964117608244,70.4002407421543,0.));
#4024=CARTESIAN_POINT('',(-2.39964117608245,53.2002407421543,8.));
#4025=CARTESIAN_POINT('Origin',(1.60035882391756,70.4002407421543,0.));
#4026=CARTESIAN_POINT('',(1.60035882391755,74.4002407421543,8.));
#4027=CARTESIAN_POINT('',(1.60035882391755,74.4002407421543,0.));
#4028=CARTESIAN_POINT('Origin',(1.60035882391756,70.4002407421543,8.));
#4029=CARTESIAN_POINT('Origin',(84.4003588239175,74.4002407421543,0.));
#4030=CARTESIAN_POINT('',(84.4003588239175,74.4002407421543,8.));
#4031=CARTESIAN_POINT('',(84.4003588239175,74.4002407421543,0.));
#4032=CARTESIAN_POINT('',(63.7003588239175,74.4002407421543,8.));
#4033=CARTESIAN_POINT('Origin',(85.0000012665987,17.0000002533197,20.8));
#4034=CARTESIAN_POINT('',(85.0000012665987,15.0000002235174,18.4));
#4035=CARTESIAN_POINT('',(85.0000012665987,17.0000002533197,18.4));
#4036=CARTESIAN_POINT('',(85.0000012665987,26.500120497737,18.4));
#4037=CARTESIAN_POINT('',(85.0000012665987,15.0000002235174,20.8));
#4038=CARTESIAN_POINT('',(85.0000012665987,17.0000002533197,20.8));
#4039=CARTESIAN_POINT('Origin',(80.0000011920929,17.0000002533197,20.8));
#4040=CARTESIAN_POINT('',(80.0000011920929,17.0000002533197,18.4));
#4041=CARTESIAN_POINT('',(61.5001800080052,17.0000002533197,18.4));
#4042=CARTESIAN_POINT('',(80.0000011920929,17.0000002533197,20.8));
#4043=CARTESIAN_POINT('Origin',(80.0000011920929,15.0000002235174,20.8));
#4044=CARTESIAN_POINT('',(80.0000011920929,15.0000002235174,18.4));
#4045=CARTESIAN_POINT('',(80.0000011920929,25.5001204828358,18.4));
#4046=CARTESIAN_POINT('',(80.0000011920929,15.0000002235174,20.8));
#4047=CARTESIAN_POINT('Origin',(85.0000012665987,15.0000002235174,20.8));
#4048=CARTESIAN_POINT('',(64.0001800452581,15.0000002235174,18.4));
#4049=CARTESIAN_POINT('Origin',(5.00000007450581,36.0000005364418,20.8));
#4050=CARTESIAN_POINT('',(10.0000001490116,36.0000005364418,18.4));
#4051=CARTESIAN_POINT('',(5.00000007450581,36.0000005364418,18.4));
#4052=CARTESIAN_POINT('',(24.0001794492117,36.0000005364418,18.4));
#4053=CARTESIAN_POINT('',(10.0000001490116,36.0000005364418,20.8));
#4054=CARTESIAN_POINT('',(5.00000007450581,36.0000005364418,20.8));
#4055=CARTESIAN_POINT('Origin',(5.00000007450581,34.0000005066395,20.8));
#4056=CARTESIAN_POINT('',(5.00000007450581,34.0000005066395,18.4));
#4057=CARTESIAN_POINT('',(5.00000007450581,35.0001206243969,18.4));
#4058=CARTESIAN_POINT('',(5.00000007450581,34.0000005066395,20.8));
#4059=CARTESIAN_POINT('Origin',(10.0000001490116,34.0000005066395,20.8));
#4060=CARTESIAN_POINT('',(10.0000001490116,34.0000005066395,18.4));
#4061=CARTESIAN_POINT('',(26.5001794864646,34.0000005066395,18.4));
#4062=CARTESIAN_POINT('',(10.0000001490116,34.0000005066395,20.8));
#4063=CARTESIAN_POINT('Origin',(10.0000001490116,36.0000005364418,20.8));
#4064=CARTESIAN_POINT('',(10.0000001490116,36.000120639298,18.4));
#4065=CARTESIAN_POINT('Origin',(85.0000012665987,13.0000001937151,20.8));
#4066=CARTESIAN_POINT('',(85.0000012665987,11.0000001639128,18.4));
#4067=CARTESIAN_POINT('',(85.0000012665987,13.0000001937151,18.4));
#4068=CARTESIAN_POINT('',(85.0000012665987,24.5001204679347,18.4));
#4069=CARTESIAN_POINT('',(85.0000012665987,11.0000001639128,20.8));
#4070=CARTESIAN_POINT('',(85.0000012665987,13.0000001937151,20.8));
#4071=CARTESIAN_POINT('Origin',(80.0000011920929,13.0000001937151,20.8));
#4072=CARTESIAN_POINT('',(80.0000011920929,13.0000001937151,18.4));
#4073=CARTESIAN_POINT('',(61.5001800080052,13.0000001937151,18.4));
#4074=CARTESIAN_POINT('',(80.0000011920929,13.0000001937151,20.8));
#4075=CARTESIAN_POINT('Origin',(80.0000011920929,11.0000001639128,20.8));
#4076=CARTESIAN_POINT('',(80.0000011920929,11.0000001639128,18.4));
#4077=CARTESIAN_POINT('',(80.0000011920929,23.5001204530335,18.4));
#4078=CARTESIAN_POINT('',(80.0000011920929,11.0000001639128,20.8));
#4079=CARTESIAN_POINT('Origin',(85.0000012665987,11.0000001639128,20.8));
#4080=CARTESIAN_POINT('',(64.0001800452581,11.0000001639128,18.4));
#4081=CARTESIAN_POINT('Origin',(5.00000007450581,26.0000003874302,20.8));
#4082=CARTESIAN_POINT('',(5.00000007450581,28.0000004172325,18.4));
#4083=CARTESIAN_POINT('',(5.00000007450581,26.0000003874302,18.4));
#4084=CARTESIAN_POINT('',(5.00000007450581,31.0001205647922,18.4));
#4085=CARTESIAN_POINT('',(5.00000007450581,28.0000004172325,20.8));
#4086=CARTESIAN_POINT('',(5.00000007450581,26.0000003874302,20.8));
#4087=CARTESIAN_POINT('Origin',(10.0000001490116,26.0000003874302,20.8));
#4088=CARTESIAN_POINT('',(10.0000001490116,26.0000003874302,18.4));
#4089=CARTESIAN_POINT('',(26.5001794864646,26.0000003874302,18.4));
#4090=CARTESIAN_POINT('',(10.0000001490116,26.0000003874302,20.8));
#4091=CARTESIAN_POINT('Origin',(10.0000001490116,28.0000004172325,20.8));
#4092=CARTESIAN_POINT('',(10.0000001490116,28.0000004172325,18.4));
#4093=CARTESIAN_POINT('',(10.0000001490116,32.0001205796934,18.4));
#4094=CARTESIAN_POINT('',(10.0000001490116,28.0000004172325,20.8));
#4095=CARTESIAN_POINT('Origin',(5.00000007450581,28.0000004172325,20.8));
#4096=CARTESIAN_POINT('',(24.0001794492117,28.0000004172325,18.4));
#4097=CARTESIAN_POINT('Origin',(5.00000007450581,30.0000004470348,20.8));
#4098=CARTESIAN_POINT('',(5.00000007450581,32.0000004768372,18.4));
#4099=CARTESIAN_POINT('',(5.00000007450581,30.0000004470348,18.4));
#4100=CARTESIAN_POINT('',(5.00000007450581,33.0001205945945,18.4));
#4101=CARTESIAN_POINT('',(5.00000007450581,32.0000004768372,20.8));
#4102=CARTESIAN_POINT('',(5.00000007450581,30.0000004470348,20.8));
#4103=CARTESIAN_POINT('Origin',(10.0000001490116,30.0000004470348,20.8));
#4104=CARTESIAN_POINT('',(10.0000001490116,30.0000004470348,18.4));
#4105=CARTESIAN_POINT('',(26.5001794864646,30.0000004470348,18.4));
#4106=CARTESIAN_POINT('',(10.0000001490116,30.0000004470348,20.8));
#4107=CARTESIAN_POINT('Origin',(10.0000001490116,32.0000004768372,20.8));
#4108=CARTESIAN_POINT('',(10.0000001490116,32.0000004768372,18.4));
#4109=CARTESIAN_POINT('',(10.0000001490116,34.0001206094957,18.4));
#4110=CARTESIAN_POINT('',(10.0000001490116,32.0000004768372,20.8));
#4111=CARTESIAN_POINT('Origin',(5.00000007450581,32.0000004768372,20.8));
#4112=CARTESIAN_POINT('',(24.0001794492117,32.0000004768372,18.4));
#4113=CARTESIAN_POINT('Origin',(85.0000012665987,9.00000013411045,20.8));
#4114=CARTESIAN_POINT('',(85.0000012665987,7.00000010430813,18.4));
#4115=CARTESIAN_POINT('',(85.0000012665987,9.00000013411045,18.4));
#4116=CARTESIAN_POINT('',(85.0000012665987,22.5001204381324,18.4));
#4117=CARTESIAN_POINT('',(85.0000012665987,7.00000010430813,20.8));
#4118=CARTESIAN_POINT('',(85.0000012665987,9.00000013411045,20.8));
#4119=CARTESIAN_POINT('Origin',(80.0000011920929,9.00000013411045,20.8));
#4120=CARTESIAN_POINT('',(80.0000011920929,9.00000013411045,18.4));
#4121=CARTESIAN_POINT('',(61.5001800080052,9.00000013411045,18.4));
#4122=CARTESIAN_POINT('',(80.0000011920929,9.00000013411045,20.8));
#4123=CARTESIAN_POINT('Origin',(80.0000011920929,7.00000010430813,20.8));
#4124=CARTESIAN_POINT('',(80.0000011920929,7.00000010430813,18.4));
#4125=CARTESIAN_POINT('',(80.0000011920929,21.5001204232312,18.4));
#4126=CARTESIAN_POINT('',(80.0000011920929,7.00000010430813,20.8));
#4127=CARTESIAN_POINT('Origin',(85.0000012665987,7.00000010430813,20.8));
#4128=CARTESIAN_POINT('',(64.0001800452581,7.00000010430813,18.4));
#4129=CARTESIAN_POINT('Origin',(72.0000010728836,66.0000009834766,20.8));
#4130=CARTESIAN_POINT('',(73.2500010728836,66.0000009834766,18.4));
#4131=CARTESIAN_POINT('',(73.2500010728836,66.0000009834766,20.8));
#4132=CARTESIAN_POINT('Origin',(72.0000010728836,66.0000009834766,18.4));
#4133=CARTESIAN_POINT('Origin',(58.2335062826745,24.6870589642195,20.8));
#4134=CARTESIAN_POINT('',(58.2335062826745,24.6870589642195,18.4));
#4135=CARTESIAN_POINT('',(58.2335062826745,24.6870589642195,20.8));
#4136=CARTESIAN_POINT('',(58.2335062826745,30.3436498531869,18.4));
#4137=CARTESIAN_POINT('Origin',(31.2335062826745,24.6870589642195,20.8));
#4138=CARTESIAN_POINT('',(37.116932553296,24.6870589642195,18.4));
#4139=CARTESIAN_POINT('Origin',(28.2279382299634,61.7393236831122,20.8));
#4140=CARTESIAN_POINT('',(30.2279382299634,61.7393236831122,18.4));
#4141=CARTESIAN_POINT('',(30.2279382299634,61.7393236831122,20.8));
#4142=CARTESIAN_POINT('Origin',(28.2279382299634,61.7393236831122,18.4));
#4143=CARTESIAN_POINT('Origin',(12.4506464311127,14.3299892886392,20.8));
#4144=CARTESIAN_POINT('',(17.4506464311127,14.3299892886392,18.4));
#4145=CARTESIAN_POINT('',(17.4506464311127,14.3299892886392,20.8));
#4146=CARTESIAN_POINT('Origin',(12.4506464311127,14.3299892886392,18.4));
#4147=CARTESIAN_POINT('Origin',(84.4003588239175,73.4502407421543,8.));
#4148=CARTESIAN_POINT('',(84.4003588239175,73.4502407421543,8.));
#4149=CARTESIAN_POINT('',(1.60035882391755,73.4502407421543,8.));
#4150=CARTESIAN_POINT('',(63.7003588239175,73.4502407421543,8.));
#4151=CARTESIAN_POINT('',(84.4003588239175,73.4502407421543,9.8));
#4152=CARTESIAN_POINT('',(84.4003588239175,73.4502407421543,8.));
#4153=CARTESIAN_POINT('',(1.60035882391755,73.4502407421543,9.8));
#4154=CARTESIAN_POINT('',(1.60035882391755,73.4502407421543,9.8));
#4155=CARTESIAN_POINT('',(1.60035882391755,73.4502407421543,8.));
#4156=CARTESIAN_POINT('Origin',(84.4003588239175,70.4002407421542,8.));
#4157=CARTESIAN_POINT('',(87.4503588239175,70.4002407421542,8.));
#4158=CARTESIAN_POINT('Origin',(84.4003588239175,70.4002407421542,8.));
#4159=CARTESIAN_POINT('',(87.4503588239175,70.4002407421542,9.8));
#4160=CARTESIAN_POINT('',(87.4503588239175,70.4002407421542,8.));
#4161=CARTESIAN_POINT('Origin',(84.4003588239175,70.4002407421542,9.8));
#4162=CARTESIAN_POINT('Origin',(87.4503588239175,1.60024074215427,8.));
#4163=CARTESIAN_POINT('',(87.4503588239175,1.60024074215427,8.));
#4164=CARTESIAN_POINT('',(87.4503588239175,18.8002407421543,8.));
#4165=CARTESIAN_POINT('',(87.4503588239175,1.60024074215427,9.8));
#4166=CARTESIAN_POINT('',(87.4503588239175,1.60024074215427,8.));
#4167=CARTESIAN_POINT('',(87.4503588239175,70.4002407421542,9.8));
#4168=CARTESIAN_POINT('Origin',(84.4003588239175,1.60024074215427,8.));
#4169=CARTESIAN_POINT('',(84.4003588239175,-1.44975925784574,8.));
#4170=CARTESIAN_POINT('Origin',(84.4003588239175,1.60024074215427,8.));
#4171=CARTESIAN_POINT('',(84.4003588239175,-1.44975925784574,9.8));
#4172=CARTESIAN_POINT('',(84.4003588239175,-1.44975925784574,8.));
#4173=CARTESIAN_POINT('Origin',(84.4003588239175,1.60024074215427,9.8));
#4174=CARTESIAN_POINT('Origin',(1.60035882391755,-1.44975925784574,8.));
#4175=CARTESIAN_POINT('',(1.60035882391755,-1.44975925784574,8.));
#4176=CARTESIAN_POINT('',(22.3003588239175,-1.44975925784574,8.));
#4177=CARTESIAN_POINT('',(1.60035882391755,-1.44975925784574,9.8));
#4178=CARTESIAN_POINT('',(1.60035882391755,-1.44975925784574,8.));
#4179=CARTESIAN_POINT('',(84.4003588239175,-1.44975925784574,9.8));
#4180=CARTESIAN_POINT('Origin',(1.60035882391754,1.60024074215426,8.));
#4181=CARTESIAN_POINT('',(-1.44964117608245,1.60024074215427,8.));
#4182=CARTESIAN_POINT('Origin',(1.60035882391754,1.60024074215426,8.));
#4183=CARTESIAN_POINT('',(-1.44964117608245,1.60024074215427,9.8));
#4184=CARTESIAN_POINT('',(-1.44964117608245,1.60024074215427,8.));
#4185=CARTESIAN_POINT('Origin',(1.60035882391754,1.60024074215426,9.8));
#4186=CARTESIAN_POINT('Origin',(-1.44964117608244,70.4002407421543,8.));
#4187=CARTESIAN_POINT('',(-1.44964117608244,70.4002407421543,8.));
#4188=CARTESIAN_POINT('',(-1.44964117608244,53.2002407421543,8.));
#4189=CARTESIAN_POINT('',(-1.44964117608244,70.4002407421543,9.8));
#4190=CARTESIAN_POINT('',(-1.44964117608244,70.4002407421543,8.));
#4191=CARTESIAN_POINT('',(-1.44964117608245,1.60024074215427,9.8));
#4192=CARTESIAN_POINT('Origin',(1.60035882391756,70.4002407421542,8.));
#4193=CARTESIAN_POINT('Origin',(1.60035882391756,70.4002407421542,8.));
#4194=CARTESIAN_POINT('Origin',(1.60035882391756,70.4002407421542,9.8));
#4195=CARTESIAN_POINT('Origin',(43.0003588239175,36.0002407421543,9.8));
#4196=CARTESIAN_POINT('',(0.000358823917557261,70.4002407421543,9.8));
#4197=CARTESIAN_POINT('',(1.60035882391755,72.0002407421542,9.8));
#4198=CARTESIAN_POINT('Origin',(1.60035882391756,70.4002407421543,9.8));
#4199=CARTESIAN_POINT('',(0.000358823917546436,1.60024074215427,9.8));
#4200=CARTESIAN_POINT('',(0.000358823917552265,53.2002407421543,9.8));
#4201=CARTESIAN_POINT('',(1.60035882391755,0.00024074215426495,9.8));
#4202=CARTESIAN_POINT('Origin',(1.60035882391754,1.60024074215426,9.8));
#4203=CARTESIAN_POINT('',(84.4003588239175,0.00024074215426495,9.8));
#4204=CARTESIAN_POINT('',(22.3003588239175,0.00024074215426273,9.8));
#4205=CARTESIAN_POINT('',(86.0003588239175,1.60024074215427,9.8));
#4206=CARTESIAN_POINT('Origin',(84.4003588239175,1.60024074215428,9.8));
#4207=CARTESIAN_POINT('',(86.0003588239175,70.4002407421543,9.8));
#4208=CARTESIAN_POINT('',(86.0003588239175,18.8002407421543,9.8));
#4209=CARTESIAN_POINT('',(84.4003588239175,72.0002407421543,9.8));
#4210=CARTESIAN_POINT('Origin',(84.4003588239175,70.4002407421542,9.8));
#4211=CARTESIAN_POINT('',(63.7003588239175,72.0002407421542,9.8));
#4212=CARTESIAN_POINT('Origin',(1.60035882391755,0.000240742154263285,0.));
#4213=CARTESIAN_POINT('',(1.60035882391755,0.000240742154264117,18.4));
#4214=CARTESIAN_POINT('',(1.60035882391755,0.000240742154263285,0.));
#4215=CARTESIAN_POINT('',(84.4003588239175,0.000240742154261481,18.4));
#4216=CARTESIAN_POINT('',(22.3003588239175,0.00024074215426495,18.4));
#4217=CARTESIAN_POINT('',(84.4003588239175,0.000240742154262452,0.));
#4218=CARTESIAN_POINT('Origin',(1.60035882391754,1.60024074215426,0.));
#4219=CARTESIAN_POINT('',(0.00035882391754713,1.60024074215427,18.4));
#4220=CARTESIAN_POINT('',(0.000358823917546436,1.60024074215427,0.));
#4221=CARTESIAN_POINT('Origin',(1.60035882391754,1.60024074215426,18.4));
#4222=CARTESIAN_POINT('Origin',(0.000358823917554207,70.4002407421543,0.));
#4223=CARTESIAN_POINT('',(0.000358823917556844,70.4002407421543,18.4));
#4224=CARTESIAN_POINT('',(0.000358823917556983,70.4002407421543,0.));
#4225=CARTESIAN_POINT('',(0.000358823917556705,53.2002407421543,18.4));
#4226=CARTESIAN_POINT('Origin',(1.60035882391756,70.4002407421543,0.));
#4227=CARTESIAN_POINT('',(1.60035882391755,72.0002407421542,18.4));
#4228=CARTESIAN_POINT('',(1.60035882391755,72.0002407421542,0.));
#4229=CARTESIAN_POINT('Origin',(1.60035882391756,70.4002407421543,18.4));
#4230=CARTESIAN_POINT('Origin',(84.4003588239175,72.0002407421542,0.));
#4231=CARTESIAN_POINT('',(84.4003588239175,72.0002407421543,18.4));
#4232=CARTESIAN_POINT('',(84.4003588239175,72.0002407421543,0.));
#4233=CARTESIAN_POINT('',(63.7003588239175,72.0002407421542,18.4));
#4234=CARTESIAN_POINT('Origin',(84.4003588239175,70.4002407421542,0.));
#4235=CARTESIAN_POINT('',(86.0003588239175,70.4002407421543,18.4));
#4236=CARTESIAN_POINT('',(86.0003588239175,70.4002407421543,0.));
#4237=CARTESIAN_POINT('Origin',(84.4003588239175,70.4002407421542,18.4));
#4238=CARTESIAN_POINT('Origin',(86.0003588239175,1.60024074215426,0.));
#4239=CARTESIAN_POINT('',(86.0003588239175,1.60024074215426,18.4));
#4240=CARTESIAN_POINT('',(86.0003588239175,1.60024074215426,0.));
#4241=CARTESIAN_POINT('',(86.0003588239175,18.8002407421543,18.4));
#4242=CARTESIAN_POINT('Origin',(84.4003588239175,1.60024074215428,0.));
#4243=CARTESIAN_POINT('Origin',(84.4003588239175,1.60024074215428,18.4));
#4244=CARTESIAN_POINT('Origin',(43.0003588239175,36.0002407421543,18.4));
#4245=CARTESIAN_POINT('Origin',(43.0003588239175,36.0002407421543,8.));
#4246=CARTESIAN_POINT('',(84.4003588239175,-2.39975925784574,8.));
#4247=CARTESIAN_POINT('',(22.3003588239175,-2.39975925784574,8.));
#4248=CARTESIAN_POINT('',(88.4003588239175,70.4002407421543,8.));
#4249=CARTESIAN_POINT('Origin',(84.4003588239175,70.4002407421542,8.));
#4250=CARTESIAN_POINT('',(88.4003588239175,1.60024074215426,8.));
#4251=CARTESIAN_POINT('',(88.4003588239175,18.8002407421543,8.));
#4252=CARTESIAN_POINT('Origin',(84.4003588239175,1.60024074215428,8.));
#4253=CARTESIAN_POINT('Origin',(1.60035882391755,-2.39975925784574,0.));
#4254=CARTESIAN_POINT('',(84.4003588239175,-2.39975925784574,0.));
#4255=CARTESIAN_POINT('Origin',(84.4003588239175,70.4002407421542,0.));
#4256=CARTESIAN_POINT('',(88.4003588239175,70.4002407421543,0.));
#4257=CARTESIAN_POINT('Origin',(88.4003588239175,1.60024074215426,0.));
#4258=CARTESIAN_POINT('',(88.4003588239175,1.60024074215426,0.));
#4259=CARTESIAN_POINT('Origin',(84.4003588239175,1.60024074215428,0.));
#4260=UNCERTAINTY_MEASURE_WITH_UNIT(LENGTH_MEASURE(0.01),#4264,
'DISTANCE_ACCURACY_VALUE',
'Maximum model space distance between geometric entities at asserted c
onnectivities');
#4261=UNCERTAINTY_MEASURE_WITH_UNIT(LENGTH_MEASURE(0.01),#4264,
'DISTANCE_ACCURACY_VALUE',
'Maximum model space distance between geometric entities at asserted c
onnectivities');
#4262=(
GEOMETRIC_REPRESENTATION_CONTEXT(3)
GLOBAL_UNCERTAINTY_ASSIGNED_CONTEXT((#4260))
GLOBAL_UNIT_ASSIGNED_CONTEXT((#4264,#4266,#4267))
REPRESENTATION_CONTEXT('','3D')
);
#4263=(
GEOMETRIC_REPRESENTATION_CONTEXT(3)
GLOBAL_UNCERTAINTY_ASSIGNED_CONTEXT((#4261))
GLOBAL_UNIT_ASSIGNED_CONTEXT((#4264,#4266,#4267))
REPRESENTATION_CONTEXT('','3D')
);
#4264=(
LENGTH_UNIT()
NAMED_UNIT(*)
SI_UNIT(.MILLI.,.METRE.)
);
#4265=(
LENGTH_UNIT()
NAMED_UNIT(*)
SI_UNIT($,.METRE.)
);
#4266=(
NAMED_UNIT(*)
PLANE_ANGLE_UNIT()
SI_UNIT($,.RADIAN.)
);
#4267=(
NAMED_UNIT(*)
SI_UNIT($,.STERADIAN.)
SOLID_ANGLE_UNIT()
);
#4268=SHAPE_DEFINITION_REPRESENTATION(#4269,#4270);
#4269=PRODUCT_DEFINITION_SHAPE('',$,#4272);
#4270=SHAPE_REPRESENTATION('',(#2612),#4262);
#4271=PRODUCT_DEFINITION_CONTEXT('part definition',#4276,'design');
#4272=PRODUCT_DEFINITION('2026-09-06-11-30-26-147','OmniSensor',#4273,#4271);
#4273=PRODUCT_DEFINITION_FORMATION('',$,#4278);
#4274=PRODUCT_RELATED_PRODUCT_CATEGORY('OmniSensor','OmniSensor',(#4278));
#4275=APPLICATION_PROTOCOL_DEFINITION('international standard',
'automotive_design',2009,#4276);
#4276=APPLICATION_CONTEXT(
'Core Data for Automotive Mechanical Design Process');
#4277=PRODUCT_CONTEXT('part definition',#4276,'mechanical');
#4278=PRODUCT('2026-09-06-11-30-26-147','OmniSensor',$,(#4277));
#4279=PRESENTATION_STYLE_ASSIGNMENT((#4280));
#4280=SURFACE_STYLE_USAGE(.BOTH.,#4281);
#4281=SURFACE_SIDE_STYLE('',(#4282));
#4282=SURFACE_STYLE_FILL_AREA(#4283);
#4283=FILL_AREA_STYLE(
'PA 11 - Nylon- HP 11-30 (with EOS P 396 3D Printer)',(#4284));
#4284=FILL_AREA_STYLE_COLOUR(
'PA 11 - Nylon- HP 11-30 (with EOS P 396 3D Printer)',#4285);
#4285=COLOUR_RGB('PA 11 - Nylon- HP 11-30 (with EOS P 396 3D Printer)',
0.247058823529412,0.247058823529412,0.247058823529412);
ENDSEC;
END-ISO-10303-21;
